ID,City,Date,Season,MatchNumber,Team1,Team2,Venue,TossWinner,TossDecision,SuperOver,WinningTeam,WonBy,Margin,method,Player_of_Match,Team1Players,Team2Players,Umpire1,Umpire2
1312200,Ahmedabad,2022-05-29,2022,Final,Rajasthan Royals,Gujarat Titans,"Narendra Modi Stadium, Ahmedabad",Rajasthan Royals,bat,N,Gujarat Titans,Wickets,7,NA,HH Pandya,"['YBK Jaiswal', 'JC Buttler', 'SV Samson', 'D Padikkal', 'SO Hetmyer', 'R Ashwin', 'R Parag', 'TA Boult', 'OC McCoy', 'M Prasidh Krishna', 'YS Chahal']","['WP Saha', 'Shubman Gill', 'MS Wade', 'HH Pandya', 'DA Miller', 'R Tewatia', 'Rashid Khan', 'R Sai Kishore', 'LH Ferguson', 'Yash Dayal', 'Mohammed Shami']",CB Gaffaney,Nitin Menon
1312199,Ahmedabad,2022-05-27,2022,Qualifier 2,Royal Challengers Bangalore,Rajasthan Royals,"Narendra Modi Stadium, Ahmedabad",Rajasthan Royals,field,N,Rajasthan Royals,Wickets,7,NA,JC Buttler,"['V Kohli', 'F du Plessis', 'RM Patidar', 'GJ Maxwell', 'MK Lomror', 'KD Karthik', 'Shahbaz Ahmed', 'PWH de Silva', 'HV Patel', 'JR Hazlewood', 'Mohammed Siraj']","['YBK Jaiswal', 'JC Buttler', 'SV Samson', 'D Padikkal', 'SO Hetmyer', 'R Parag', 'R Ashwin', 'TA Boult', 'YS Chahal', 'M Prasidh Krishna', 'OC McCoy']",CB Gaffaney,Nitin Menon
1312198,Kolkata,2022-05-25,2022,Eliminator,Royal Challengers Bangalore,Lucknow Super Giants,"Eden Gardens, Kolkata",Lucknow Super Giants,field,N,Royal Challengers Bangalore,Runs,14,NA,RM Patidar,"['V Kohli', 'F du Plessis', 'RM Patidar', 'GJ Maxwell', 'MK Lomror', 'KD Karthik', 'Shahbaz Ahmed', 'HV Patel', 'PWH de Silva', 'JR Hazlewood', 'Mohammed Siraj']","['Q de Kock', 'KL Rahul', 'M Vohra', 'DJ Hooda', 'MP Stoinis', 'E Lewis', 'KH Pandya', 'PVD Chameera', 'Mohsin Khan', 'Avesh Khan', 'Ravi Bishnoi']",J Madanagopal,MA Gough
1312197,Kolkata,2022-05-24,2022,Qualifier 1,Rajasthan Royals,Gujarat Titans,"Eden Gardens, Kolkata",Gujarat Titans,field,N,Gujarat Titans,Wickets,7,NA,DA Miller,"['YBK Jaiswal', 'JC Buttler', 'SV Samson', 'D Padikkal', 'SO Hetmyer', 'R Parag', 'R Ashwin', 'TA Boult', 'YS Chahal', 'M Prasidh Krishna', 'OC McCoy']","['WP Saha', 'Shubman Gill', 'MS Wade', 'HH Pandya', 'DA Miller', 'R Tewatia', 'Rashid Khan', 'R Sai Kishore', 'AS Joseph', 'Yash Dayal', 'Mohammed Shami']",BNJ Oxenford,VK Sharma
1304116,Mumbai,2022-05-22,2022,70,Sunrisers Hyderabad,Punjab Kings,"Wankhede Stadium, Mumbai",Sunrisers Hyderabad,bat,N,Punjab Kings,Wickets,5,NA,Harpreet Brar,"['PK Garg', 'Abhishek Sharma', 'RA Tripathi', 'AK Markram', 'N Pooran', 'Washington Sundar', 'R Shepherd', 'J Suchith', 'B Kumar', 'Umran Malik', 'Fazalhaq Farooqi']","['JM Bairstow', 'S Dhawan', 'M Shahrukh Khan', 'MA Agarwal', 'LS Livingstone', 'JM Sharma', 'PN Mankad', 'Harpreet Brar', 'K Rabada', 'NT Ellis', 'Arshdeep Singh']",AK Chaudhary,NA Patwardhan
1304115,Mumbai,2022-05-21,2022,69,Delhi Capitals,Mumbai Indians,"Wankhede Stadium, Mumbai",Mumbai Indians,field,N,Mumbai Indians,Wickets,5,NA,JJ Bumrah,"['PP Shaw', 'DA Warner', 'MR Marsh', 'RR Pant', 'SN Khan', 'R Powell', 'AR Patel', 'SN Thakur', 'Kuldeep Yadav', 'A Nortje', 'KK Ahmed']","['Ishan Kishan', 'RG Sharma', 'D Brevis', 'Tilak Varma', 'TH David', 'Ramandeep Singh', 'DR Sams', 'HR Shokeen', 'JJ Bumrah', 'M Markande', 'RP Meredith']",Nitin Menon,Tapan Sharma
1304114,Mumbai,2022-05-20,2022,68,Chennai Super Kings,Rajasthan Royals,"Brabourne Stadium, Mumbai",Chennai Super Kings,bat,N,Rajasthan Royals,Wickets,5,NA,R Ashwin,"['RD Gaikwad', 'DP Conway', 'MM Ali', 'N Jagadeesan', 'AT Rayudu', 'MS Dhoni', 'MJ Santner', 'Simarjeet Singh', 'Mukesh Choudhary', 'PH Solanki', 'M Pathirana']","['YBK Jaiswal', 'JC Buttler', 'SV Samson', 'D Padikkal', 'R Ashwin', 'SO Hetmyer', 'R Parag', 'TA Boult', 'YS Chahal', 'M Prasidh Krishna', 'OC McCoy']",CB Gaffaney,NA Patwardhan
1304113,Mumbai,2022-05-19,2022,67,Gujarat Titans,Royal Challengers Bangalore,"Wankhede Stadium, Mumbai",Gujarat Titans,bat,N,Royal Challengers Bangalore,Wickets,8,NA,V Kohli,"['WP Saha', 'Shubman Gill', 'MS Wade', 'HH Pandya', 'DA Miller', 'R Tewatia', 'Rashid Khan', 'R Sai Kishore', 'LH Ferguson', 'Yash Dayal', 'Mohammed Shami']","['V Kohli', 'F du Plessis', 'GJ Maxwell', 'KD Karthik', 'RM Patidar', 'MK Lomror', 'Shahbaz Ahmed', 'HV Patel', 'PWH de Silva', 'JR Hazlewood', 'S Kaul']",KN Ananthapadmanabhan,GR Sadashiv Iyer
1304112,Navi Mumbai,2022-05-18,2022,66,Lucknow Super Giants,Kolkata Knight Riders,"Dr DY Patil Sports Academy, Mumbai",Lucknow Super Giants,bat,N,Lucknow Super Giants,Runs,2,NA,Q de Kock,"['Q de Kock', 'KL Rahul', 'E Lewis', 'DJ Hooda', 'M Vohra', 'MP Stoinis', 'JO Holder', 'K Gowtham', 'Mohsin Khan', 'Avesh Khan', 'Ravi Bishnoi']","['VR Iyer', 'A Tomar', 'N Rana', 'SS Iyer', 'SW Billings', 'AD Russell', 'RK Singh', 'SP Narine', 'UT Yadav', 'TG Southee', 'CV Varun']",R Pandit,YC Barde
1304111,Mumbai,2022-05-17,2022,65,Sunrisers Hyderabad,Mumbai Indians,"Wankhede Stadium, Mumbai",Mumbai Indians,field,N,Sunrisers Hyderabad,Runs,3,NA,RA Tripathi,"['Abhishek Sharma', 'PK Garg', 'RA Tripathi', 'N Pooran', 'AK Markram', 'KS Williamson', 'Washington Sundar', 'B Kumar', 'Umran Malik', 'T Natarajan', 'Fazalhaq Farooqi']","['RG Sharma', 'Ishan Kishan', 'DR Sams', 'Tilak Varma', 'TH David', 'T Stubbs', 'Ramandeep Singh', 'R Sanjay Yadav', 'JJ Bumrah', 'M Markande', 'RP Meredith']",CB Gaffaney,N Pandit
1304110,Navi Mumbai,2022-05-16,2022,64,Delhi Capitals,Punjab Kings,"Dr DY Patil Sports Academy, Mumbai",Punjab Kings,field,N,Delhi Capitals,Runs,17,NA,SN Thakur,"['DA Warner', 'SN Khan', 'MR Marsh', 'Lalit Yadav', 'RR Pant', 'R Powell', 'AR Patel', 'SN Thakur', 'Kuldeep Yadav', 'A Nortje', 'KK Ahmed']","['JM Bairstow', 'S Dhawan', 'PBB Rajapaksa', 'LS Livingstone', 'MA Agarwal', 'JM Sharma', 'Harpreet Brar', 'R Dhawan', 'RD Chahar', 'K Rabada', 'Arshdeep Singh']",GR Sadashiv Iyer,Nitin Menon
1304109,Mumbai,2022-05-15,2022,63,Rajasthan Royals,Lucknow Super Giants,"Brabourne Stadium, Mumbai",Rajasthan Royals,bat,N,Rajasthan Royals,Runs,24,NA,TA Boult,"['YBK Jaiswal', 'JC Buttler', 'SV Samson', 'D Padikkal', 'R Parag', 'JDS Neesham', 'R Ashwin', 'TA Boult', 'M Prasidh Krishna', 'YS Chahal', 'OC McCoy']","['Q de Kock', 'KL Rahul', 'A Badoni', 'DJ Hooda', 'KH Pandya', 'MP Stoinis', 'JO Holder', 'PVD Chameera', 'Mohsin Khan', 'Avesh Khan', 'Ravi Bishnoi']",PG Pathak,Tapan Sharma
1304108,Mumbai,2022-05-15,2022,62,Chennai Super Kings,Gujarat Titans,"Wankhede Stadium, Mumbai",Chennai Super Kings,bat,N,Gujarat Titans,Wickets,7,NA,WP Saha,"['RD Gaikwad', 'DP Conway', 'MM Ali', 'N Jagadeesan', 'S Dube', 'MS Dhoni', 'MJ Santner', 'PH Solanki', 'Simarjeet Singh', 'M Pathirana', 'Mukesh Choudhary']","['WP Saha', 'Shubman Gill', 'MS Wade', 'HH Pandya', 'DA Miller', 'R Tewatia', 'Rashid Khan', 'R Sai Kishore', 'AS Joseph', 'Yash Dayal', 'Mohammed Shami']",R Pandit,VK Sharma
1304107,Pune,2022-05-14,2022,61,Kolkata Knight Riders,Sunrisers Hyderabad,"Maharashtra Cricket Association Stadium, Pune",Kolkata Knight Riders,bat,N,Kolkata Knight Riders,Runs,54,NA,AD Russell,"['VR Iyer', 'AM Rahane', 'N Rana', 'SS Iyer', 'SW Billings', 'RK Singh', 'AD Russell', 'SP Narine', 'UT Yadav', 'TG Southee', 'CV Varun']","['Abhishek Sharma', 'KS Williamson', 'RA Tripathi', 'AK Markram', 'N Pooran', 'Washington Sundar', 'Shashank Singh', 'M Jansen', 'B Kumar', 'Umran Malik', 'T Natarajan']",AK Chaudhary,KN Ananthapadmanabhan
1304106,Mumbai,2022-05-13,2022,60,Punjab Kings,Royal Challengers Bangalore,"Brabourne Stadium, Mumbai",Royal Challengers Bangalore,field,N,Punjab Kings,Runs,54,NA,JM Bairstow,"['JM Bairstow', 'S Dhawan', 'PBB Rajapaksa', 'LS Livingstone', 'MA Agarwal', 'JM Sharma', 'Harpreet Brar', 'R Dhawan', 'RD Chahar', 'K Rabada', 'Arshdeep Singh']","['V Kohli', 'F du Plessis', 'RM Patidar', 'MK Lomror', 'GJ Maxwell', 'KD Karthik', 'Shahbaz Ahmed', 'HV Patel', 'PWH de Silva', 'Mohammed Siraj', 'JR Hazlewood']",J Madanagopal,N Pandit
1304105,Mumbai,2022-05-12,2022,59,Chennai Super Kings,Mumbai Indians,"Wankhede Stadium, Mumbai",Mumbai Indians,field,N,Mumbai Indians,Wickets,5,NA,DR Sams,"['RD Gaikwad', 'DP Conway', 'MM Ali', 'RV Uthappa', 'AT Rayudu', 'MS Dhoni', 'S Dube', 'DJ Bravo', 'Simarjeet Singh', 'M Theekshana', 'Mukesh Choudhary']","['Ishan Kishan', 'RG Sharma', 'DR Sams', 'Tilak Varma', 'T Stubbs', 'HR Shokeen', 'TH David', 'Ramandeep Singh', 'JJ Bumrah', 'RP Meredith', 'K Kartikeya']",Chirra Ravikanthreddy,CB Gaffaney
1304104,Navi Mumbai,2022-05-11,2022,58,Rajasthan Royals,Delhi Capitals,"Dr DY Patil Sports Academy, Mumbai",Delhi Capitals,field,N,Delhi Capitals,Wickets,8,NA,MR Marsh,"['YBK Jaiswal', 'JC Buttler', 'R Ashwin', 'D Padikkal', 'SV Samson', 'R Parag', 'HE van der Dussen', 'TA Boult', 'M Prasidh Krishna', 'YS Chahal', 'KR Sen']","['KS Bharat', 'DA Warner', 'MR Marsh', 'RR Pant', 'R Powell', 'Lalit Yadav', 'AR Patel', 'SN Thakur', 'Kuldeep Yadav', 'A Nortje', 'C Sakariya']",NA Patwardhan,Nitin Menon
1304103,Pune,2022-05-10,2022,57,Gujarat Titans,Lucknow Super Giants,"Maharashtra Cricket Association Stadium, Pune",Gujarat Titans,bat,N,Gujarat Titans,Runs,62,NA,Shubman Gill,"['WP Saha', 'Shubman Gill', 'MS Wade', 'HH Pandya', 'DA Miller', 'R Tewatia', 'Rashid Khan', 'R Sai Kishore', 'AS Joseph', 'Yash Dayal', 'Mohammed Shami']","['Q de Kock', 'KL Rahul', 'DJ Hooda', 'KS Sharma', 'KH Pandya', 'A Badoni', 'MP Stoinis', 'JO Holder', 'Mohsin Khan', 'PVD Chameera', 'Avesh Khan']",KN Ananthapadmanabhan,MA Gough
1304102,Navi Mumbai,2022-05-09,2022,56,Kolkata Knight Riders,Mumbai Indians,"Dr DY Patil Sports Academy, Mumbai",Mumbai Indians,field,N,Kolkata Knight Riders,Runs,52,NA,JJ Bumrah,"['VR Iyer', 'AM Rahane', 'N Rana', 'SS Iyer', 'AD Russell', 'RK Singh', 'SP Jackson', 'PJ Cummins', 'SP Narine', 'TG Southee', 'CV Varun']","['RG Sharma', 'Ishan Kishan', 'Tilak Varma', 'Ramandeep Singh', 'TH David', 'KA Pollard', 'DR Sams', 'M Ashwin', 'K Kartikeya', 'JJ Bumrah', 'RP Meredith']",CB Gaffaney,GR Sadashiv Iyer
1304101,Navi Mumbai,2022-05-08,2022,55,Chennai Super Kings,Delhi Capitals,"Dr DY Patil Sports Academy, Mumbai",Delhi Capitals,field,N,Chennai Super Kings,Runs,91,NA,DP Conway,"['RD Gaikwad', 'DP Conway', 'S Dube', 'AT Rayudu', 'MS Dhoni', 'MM Ali', 'RV Uthappa', 'DJ Bravo', 'Simarjeet Singh', 'M Theekshana', 'Mukesh Choudhary']","['DA Warner', 'KS Bharat', 'MR Marsh', 'RR Pant', 'R Powell', 'RV Patel', 'AR Patel', 'SN Thakur', 'Kuldeep Yadav', 'A Nortje', 'KK Ahmed']",Nitin Menon,R Pandit
1304100,Mumbai,2022-05-08,2022,54,Royal Challengers Bangalore,Sunrisers Hyderabad,"Wankhede Stadium, Mumbai",Royal Challengers Bangalore,bat,N,Royal Challengers Bangalore,Runs,67,NA,PWH de Silva,"['V Kohli', 'F du Plessis', 'RM Patidar', 'GJ Maxwell', 'KD Karthik', 'MK Lomror', 'Shahbaz Ahmed', 'PWH de Silva', 'HV Patel', 'JR Hazlewood', 'Mohammed Siraj']","['Abhishek Sharma', 'KS Williamson', 'RA Tripathi', 'AK Markram', 'N Pooran', 'J Suchith', 'Shashank Singh', 'Kartik Tyagi', 'B Kumar', 'Umran Malik', 'Fazalhaq Farooqi']",BNJ Oxenford,N Pandit
1304099,Pune,2022-05-07,2022,53,Lucknow Super Giants,Kolkata Knight Riders,"Maharashtra Cricket Association Stadium, Pune",Kolkata Knight Riders,field,N,Lucknow Super Giants,Runs,75,NA,Avesh Khan,"['Q de Kock', 'KL Rahul', 'DJ Hooda', 'KH Pandya', 'A Badoni', 'MP Stoinis', 'JO Holder', 'PVD Chameera', 'Avesh Khan', 'Mohsin Khan', 'Ravi Bishnoi']","['B Indrajith', 'AJ Finch', 'SS Iyer', 'N Rana', 'RK Singh', 'AD Russell', 'SP Narine', 'AS Roy', 'Shivam Mavi', 'TG Southee', 'Harshit Rana']",AK Chaudhary,MA Gough
1304098,Mumbai,2022-05-07,2022,52,Punjab Kings,Rajasthan Royals,"Wankhede Stadium, Mumbai",Punjab Kings,bat,N,Rajasthan Royals,Wickets,6,NA,YBK Jaiswal,"['JM Bairstow', 'S Dhawan', 'PBB Rajapaksa', 'MA Agarwal', 'JM Sharma', 'LS Livingstone', 'R Dhawan', 'K Rabada', 'RD Chahar', 'Arshdeep Singh', 'Sandeep Sharma']","['YBK Jaiswal', 'JC Buttler', 'SV Samson', 'D Padikkal', 'SO Hetmyer', 'R Parag', 'R Ashwin', 'TA Boult', 'M Prasidh Krishna', 'YS Chahal', 'KR Sen']",Chirra Ravikanthreddy,YC Barde
1304097,Mumbai,2022-05-06,2022,51,Mumbai Indians,Gujarat Titans,"Brabourne Stadium, Mumbai",Gujarat Titans,field,N,Mumbai Indians,Runs,5,NA,TH David,"['Ishan Kishan', 'RG Sharma', 'SA Yadav', 'Tilak Varma', 'KA Pollard', 'TH David', 'DR Sams', 'M Ashwin', 'K Kartikeya', 'JJ Bumrah', 'RP Meredith']","['WP Saha', 'Shubman Gill', 'HH Pandya', 'B Sai Sudharsan', 'DA Miller', 'R Tewatia', 'Rashid Khan', 'PJ Sangwan', 'LH Ferguson', 'AS Joseph', 'Mohammed Shami']",J Madanagopal,GR Sadashiv Iyer
1304096,Mumbai,2022-05-05,2022,50,Delhi Capitals,Sunrisers Hyderabad,"Brabourne Stadium, Mumbai",Sunrisers Hyderabad,field,N,Delhi Capitals,Runs,21,NA,DA Warner,"['Mandeep Singh', 'DA Warner', 'MR Marsh', 'RR Pant', 'R Powell', 'Lalit Yadav', 'RV Patel', 'SN Thakur', 'Kuldeep Yadav', 'A Nortje', 'KK Ahmed']","['Abhishek Sharma', 'KS Williamson', 'RA Tripathi', 'AK Markram', 'N Pooran', 'Shashank Singh', 'SA Abbott', 'S Gopal', 'Kartik Tyagi', 'B Kumar', 'Umran Malik']",Navdeep Singh,NA Patwardhan
1304095,Pune,2022-05-04,2022,49,Royal Challengers Bangalore,Chennai Super Kings,"Maharashtra Cricket Association Stadium, Pune",Chennai Super Kings,field,N,Royal Challengers Bangalore,Runs,13,NA,HV Patel,"['V Kohli', 'F du Plessis', 'GJ Maxwell', 'MK Lomror', 'RM Patidar', 'KD Karthik', 'PWH de Silva', 'Shahbaz Ahmed', 'HV Patel', 'Mohammed Siraj', 'JR Hazlewood']","['RD Gaikwad', 'DP Conway', 'RV Uthappa', 'AT Rayudu', 'MM Ali', 'RA Jadeja', 'MS Dhoni', 'D Pretorius', 'Simarjeet Singh', 'M Theekshana', 'Mukesh Choudhary']",KN Ananthapadmanabhan,MA Gough
1304094,Navi Mumbai,2022-05-03,2022,48,Gujarat Titans,Punjab Kings,"Dr DY Patil Sports Academy, Mumbai",Gujarat Titans,bat,N,Punjab Kings,Wickets,8,NA,K Rabada,"['WP Saha', 'Shubman Gill', 'B Sai Sudharsan', 'HH Pandya', 'DA Miller', 'R Tewatia', 'Rashid Khan', 'PJ Sangwan', 'LH Ferguson', 'AS Joseph', 'Mohammed Shami']","['JM Bairstow', 'S Dhawan', 'PBB Rajapaksa', 'LS Livingstone', 'MA Agarwal', 'JM Sharma', 'R Dhawan', 'K Rabada', 'RD Chahar', 'Arshdeep Singh', 'Sandeep Sharma']",R Pandit,VK Sharma
1304093,Mumbai,2022-05-02,2022,47,Rajasthan Royals,Kolkata Knight Riders,"Wankhede Stadium, Mumbai",Kolkata Knight Riders,field,N,Kolkata Knight Riders,Wickets,7,NA,RK Singh,"['JC Buttler', 'D Padikkal', 'SV Samson', 'KK Nair', 'R Parag', 'SO Hetmyer', 'R Ashwin', 'TA Boult', 'M Prasidh Krishna', 'YS Chahal', 'KR Sen']","['B Indrajith', 'AJ Finch', 'SS Iyer', 'N Rana', 'RK Singh', 'AS Roy', 'AD Russell', 'SP Narine', 'UT Yadav', 'TG Southee', 'Shivam Mavi']",J Madanagopal,N Pandit
1304092,Pune,2022-05-01,2022,46,Chennai Super Kings,Sunrisers Hyderabad,"Maharashtra Cricket Association Stadium, Pune",Sunrisers Hyderabad,field,N,Chennai Super Kings,Runs,13,NA,RD Gaikwad,"['RD Gaikwad', 'DP Conway', 'MS Dhoni', 'RA Jadeja', 'RV Uthappa', 'AT Rayudu', 'Simarjeet Singh', 'MJ Santner', 'D Pretorius', 'Mukesh Choudhary', 'M Theekshana']","['Abhishek Sharma', 'KS Williamson', 'RA Tripathi', 'AK Markram', 'N Pooran', 'Shashank Singh', 'Washington Sundar', 'M Jansen', 'B Kumar', 'T Natarajan', 'Umran Malik']",AK Chaudhary,KN Ananthapadmanabhan
1304091,Mumbai,2022-05-01,2022,45,Lucknow Super Giants,Delhi Capitals,"Wankhede Stadium, Mumbai",Lucknow Super Giants,bat,N,Lucknow Super Giants,Runs,6,NA,Mohsin Khan,"['Q de Kock', 'KL Rahul', 'DJ Hooda', 'MP Stoinis', 'KH Pandya', 'A Badoni', 'JO Holder', 'Mohsin Khan', 'K Gowtham', 'PVD Chameera', 'Ravi Bishnoi']","['PP Shaw', 'DA Warner', 'MR Marsh', 'RR Pant', 'Lalit Yadav', 'R Powell', 'AR Patel', 'SN Thakur', 'Kuldeep Yadav', 'Mustafizur Rahman', 'C Sakariya']",Chirra Ravikanthreddy,CB Gaffaney
1304090,Navi Mumbai,2022-04-30,2022,44,Rajasthan Royals,Mumbai Indians,"Dr DY Patil Sports Academy, Mumbai",Mumbai Indians,field,N,Mumbai Indians,Wickets,5,NA,SA Yadav,"['JC Buttler', 'D Padikkal', 'SV Samson', 'DJ Mitchell', 'SO Hetmyer', 'R Parag', 'R Ashwin', 'TA Boult', 'M Prasidh Krishna', 'YS Chahal', 'KR Sen']","['RG Sharma', 'Ishan Kishan', 'SA Yadav', 'Tilak Varma', 'KA Pollard', 'TH David', 'DR Sams', 'HR Shokeen', 'K Kartikeya', 'JJ Bumrah', 'RP Meredith']",BNJ Oxenford,YC Barde
1304089,Mumbai,2022-04-30,2022,43,Royal Challengers Bangalore,Gujarat Titans,"Brabourne Stadium, Mumbai",Royal Challengers Bangalore,bat,N,Gujarat Titans,Wickets,6,NA,R Tewatia,"['V Kohli', 'F du Plessis', 'RM Patidar', 'GJ Maxwell', 'KD Karthik', 'Shahbaz Ahmed', 'MK Lomror', 'PWH de Silva', 'HV Patel', 'JR Hazlewood', 'Mohammed Siraj']","['WP Saha', 'Shubman Gill', 'B Sai Sudharsan', 'HH Pandya', 'DA Miller', 'R Tewatia', 'Rashid Khan', 'PJ Sangwan', 'AS Joseph', 'LH Ferguson', 'Mohammed Shami']",HAS Khalid,VK Sharma
1304088,Pune,2022-04-29,2022,42,Lucknow Super Giants,Punjab Kings,"Maharashtra Cricket Association Stadium, Pune",Punjab Kings,field,N,Lucknow Super Giants,Runs,20,NA,KH Pandya,"['Q de Kock', 'KL Rahul', 'DJ Hooda', 'KH Pandya', 'MP Stoinis', 'A Badoni', 'JO Holder', 'PVD Chameera', 'Mohsin Khan', 'Avesh Khan', 'Ravi Bishnoi']","['MA Agarwal', 'S Dhawan', 'JM Bairstow', 'PBB Rajapaksa', 'LS Livingstone', 'JM Sharma', 'R Dhawan', 'K Rabada', 'RD Chahar', 'Arshdeep Singh', 'Sandeep Sharma']",MA Gough,UV Gandhe
1304087,Mumbai,2022-04-28,2022,41,Kolkata Knight Riders,Delhi Capitals,"Wankhede Stadium, Mumbai",Delhi Capitals,field,N,Delhi Capitals,Wickets,4,NA,Kuldeep Yadav,"['AJ Finch', 'VR Iyer', 'SS Iyer', 'B Indrajith', 'SP Narine', 'N Rana', 'AD Russell', 'RK Singh', 'UT Yadav', 'TG Southee', 'Harshit Rana']","['PP Shaw', 'DA Warner', 'MR Marsh', 'Lalit Yadav', 'RR Pant', 'R Powell', 'AR Patel', 'SN Thakur', 'Kuldeep Yadav', 'Mustafizur Rahman', 'C Sakariya']",AK Chaudhary,PG Pathak
1304086,Mumbai,2022-04-27,2022,40,Sunrisers Hyderabad,Gujarat Titans,"Wankhede Stadium, Mumbai",Gujarat Titans,field,N,Gujarat Titans,Wickets,5,NA,Umran Malik,"['Abhishek Sharma', 'KS Williamson', 'RA Tripathi', 'AK Markram', 'N Pooran', 'Washington Sundar', 'Shashank Singh', 'M Jansen', 'B Kumar', 'T Natarajan', 'Umran Malik']","['WP Saha', 'Shubman Gill', 'HH Pandya', 'DA Miller', 'R Tewatia', 'A Manohar', 'Rashid Khan', 'LH Ferguson', 'AS Joseph', 'Yash Dayal', 'Mohammed Shami']",CB Gaffaney,Navdeep Singh
1304085,Pune,2022-04-26,2022,39,Rajasthan Royals,Royal Challengers Bangalore,"Maharashtra Cricket Association Stadium, Pune",Royal Challengers Bangalore,field,N,Rajasthan Royals,Runs,29,NA,R Parag,"['JC Buttler', 'D Padikkal', 'R Ashwin', 'SV Samson', 'DJ Mitchell', 'R Parag', 'SO Hetmyer', 'TA Boult', 'M Prasidh Krishna', 'YS Chahal', 'KR Sen']","['V Kohli', 'F du Plessis', 'RM Patidar', 'GJ Maxwell', 'Shahbaz Ahmed', 'SS Prabhudessai', 'KD Karthik', 'PWH de Silva', 'HV Patel', 'Mohammed Siraj', 'JR Hazlewood']",BNJ Oxenford,KN Ananthapadmanabhan
1304084,Mumbai,2022-04-25,2022,38,Punjab Kings,Chennai Super Kings,"Wankhede Stadium, Mumbai",Chennai Super Kings,field,N,Punjab Kings,Runs,11,NA,S Dhawan,"['MA Agarwal', 'S Dhawan', 'PBB Rajapaksa', 'LS Livingstone', 'JM Bairstow', 'JM Sharma', 'R Dhawan', 'K Rabada', 'RD Chahar', 'Arshdeep Singh', 'Sandeep Sharma']","['RD Gaikwad', 'RV Uthappa', 'MJ Santner', 'S Dube', 'AT Rayudu', 'RA Jadeja', 'MS Dhoni', 'D Pretorius', 'DJ Bravo', 'Mukesh Choudhary', 'M Theekshana']",M Erasmus,Tapan Sharma
1304083,Mumbai,2022-04-24,2022,37,Lucknow Super Giants,Mumbai Indians,"Wankhede Stadium, Mumbai",Mumbai Indians,field,N,Lucknow Super Giants,Runs,36,NA,KL Rahul,"['Q de Kock', 'KL Rahul', 'MK Pandey', 'MP Stoinis', 'KH Pandya', 'DJ Hooda', 'A Badoni', 'JO Holder', 'PVD Chameera', 'Ravi Bishnoi', 'Mohsin Khan']","['Ishan Kishan', 'RG Sharma', 'D Brevis', 'SA Yadav', 'Tilak Varma', 'KA Pollard', 'DR Sams', 'JD Unadkat', 'HR Shokeen', 'JJ Bumrah', 'RP Meredith']",M Erasmus,HAS Khalid
1304082,Mumbai,2022-04-23,2022,36,Royal Challengers Bangalore,Sunrisers Hyderabad,"Brabourne Stadium, Mumbai",Sunrisers Hyderabad,field,N,Sunrisers Hyderabad,Wickets,9,NA,M Jansen,"['F du Plessis', 'Anuj Rawat', 'V Kohli', 'GJ Maxwell', 'SS Prabhudessai', 'Shahbaz Ahmed', 'KD Karthik', 'HV Patel', 'PWH de Silva', 'JR Hazlewood', 'Mohammed Siraj']","['Abhishek Sharma', 'KS Williamson', 'RA Tripathi', 'AK Markram', 'N Pooran', 'Shashank Singh', 'J Suchith', 'B Kumar', 'M Jansen', 'T Natarajan', 'Umran Malik']",Chirra Ravikanthreddy,J Madanagopal
1304081,Navi Mumbai,2022-04-23,2022,35,Gujarat Titans,Kolkata Knight Riders,"Dr DY Patil Sports Academy, Mumbai",Gujarat Titans,bat,N,Gujarat Titans,Runs,8,NA,Rashid Khan,"['WP Saha', 'Shubman Gill', 'HH Pandya', 'DA Miller', 'R Tewatia', 'Rashid Khan', 'A Manohar', 'LH Ferguson', 'AS Joseph', 'Yash Dayal', 'Mohammed Shami']","['SW Billings', 'SP Narine', 'SS Iyer', 'N Rana', 'RK Singh', 'VR Iyer', 'AD Russell', 'Shivam Mavi', 'UT Yadav', 'TG Southee', 'CV Varun']",KN Ananthapadmanabhan,UV Gandhe
1304080,Mumbai,2022-04-22,2022,34,Rajasthan Royals,Delhi Capitals,"Wankhede Stadium, Mumbai",Delhi Capitals,field,N,Rajasthan Royals,Runs,15,NA,JC Buttler,"['JC Buttler', 'D Padikkal', 'SV Samson', 'SO Hetmyer', 'R Parag', 'KK Nair', 'R Ashwin', 'TA Boult', 'OC McCoy', 'M Prasidh Krishna', 'YS Chahal']","['PP Shaw', 'DA Warner', 'SN Khan', 'RR Pant', 'Lalit Yadav', 'AR Patel', 'SN Thakur', 'R Powell', 'Kuldeep Yadav', 'Mustafizur Rahman', 'KK Ahmed']",NA Patwardhan,Nitin Menon
1304079,Navi Mumbai,2022-04-21,2022,33,Mumbai Indians,Chennai Super Kings,"Dr DY Patil Sports Academy, Mumbai",Chennai Super Kings,field,N,Chennai Super Kings,Wickets,3,NA,Mukesh Choudhary,"['RG Sharma', 'Ishan Kishan', 'D Brevis', 'SA Yadav', 'Tilak Varma', 'HR Shokeen', 'KA Pollard', 'DR Sams', 'JD Unadkat', 'RP Meredith', 'JJ Bumrah']","['RD Gaikwad', 'RV Uthappa', 'MJ Santner', 'AT Rayudu', 'S Dube', 'RA Jadeja', 'MS Dhoni', 'D Pretorius', 'DJ Bravo', 'Mukesh Choudhary', 'M Theekshana']",BNJ Oxenford,UV Gandhe
1304078,Mumbai,2022-04-20,2022,32,Punjab Kings,Delhi Capitals,"Brabourne Stadium, Mumbai",Delhi Capitals,field,N,Delhi Capitals,Wickets,9,NA,Kuldeep Yadav,"['MA Agarwal', 'S Dhawan', 'JM Bairstow', 'LS Livingstone', 'JM Sharma', 'M Shahrukh Khan', 'K Rabada', 'NT Ellis', 'RD Chahar', 'Arshdeep Singh', 'VG Arora']","['PP Shaw', 'DA Warner', 'SN Khan', 'RR Pant', 'R Powell', 'Lalit Yadav', 'SN Thakur', 'AR Patel', 'Kuldeep Yadav', 'Mustafizur Rahman', 'KK Ahmed']",RJ Tucker,Tapan Sharma
1304077,Mumbai,2022-04-19,2022,31,Royal Challengers Bangalore,Lucknow Super Giants,"Dr DY Patil Sports Academy, Mumbai",Lucknow Super Giants,field,N,Royal Challengers Bangalore,Runs,18,NA,F du Plessis,"['Anuj Rawat', 'F du Plessis', 'V Kohli', 'GJ Maxwell', 'SS Prabhudessai', 'Shahbaz Ahmed', 'KD Karthik', 'HV Patel', 'PWH de Silva', 'JR Hazlewood', 'Mohammed Siraj']","['Q de Kock', 'KL Rahul', 'MK Pandey', 'KH Pandya', 'DJ Hooda', 'A Badoni', 'MP Stoinis', 'JO Holder', 'PVD Chameera', 'Ravi Bishnoi', 'Avesh Khan']",CB Gaffaney,N Pandit
1304076,Mumbai,2022-04-18,2022,30,Rajasthan Royals,Kolkata Knight Riders,"Brabourne Stadium, Mumbai",Kolkata Knight Riders,field,N,Rajasthan Royals,Runs,7,NA,YS Chahal,"['JC Buttler', 'D Padikkal', 'SV Samson', 'SO Hetmyer', 'R Parag', 'KK Nair', 'R Ashwin', 'TA Boult', 'OC McCoy', 'M Prasidh Krishna', 'YS Chahal']","['AJ Finch', 'SP Narine', 'SS Iyer', 'N Rana', 'AD Russell', 'VR Iyer', 'SP Jackson', 'Shivam Mavi', 'PJ Cummins', 'UT Yadav', 'CV Varun']",GR Sadashiv Iyer,VK Sharma
1304075,Pune,2022-04-17,2022,29,Chennai Super Kings,Gujarat Titans,"Maharashtra Cricket Association Stadium, Pune",Gujarat Titans,field,N,Gujarat Titans,Wickets,3,NA,DA Miller,"['RD Gaikwad', 'RV Uthappa', 'MM Ali', 'AT Rayudu', 'S Dube', 'RA Jadeja', 'MS Dhoni', 'DJ Bravo', 'CJ Jordan', 'M Theekshana', 'Mukesh Choudhary']","['WP Saha', 'Shubman Gill', 'V Shankar', 'A Manohar', 'DA Miller', 'R Tewatia', 'Rashid Khan', 'AS Joseph', 'LH Ferguson', 'Mohammed Shami', 'Yash Dayal']",KN Ananthapadmanabhan,UV Gandhe
1304074,Mumbai,2022-04-17,2022,28,Punjab Kings,Sunrisers Hyderabad,"Dr DY Patil Sports Academy, Mumbai",Sunrisers Hyderabad,field,N,Sunrisers Hyderabad,Wickets,7,NA,Umran Malik,"['S Dhawan', 'P Simran Singh', 'JM Bairstow', 'LS Livingstone', 'JM Sharma', 'M Shahrukh Khan', 'OF Smith', 'K Rabada', 'RD Chahar', 'VG Arora', 'Arshdeep Singh']","['Abhishek Sharma', 'KS Williamson', 'RA Tripathi', 'AK Markram', 'N Pooran', 'Shashank Singh', 'J Suchith', 'B Kumar', 'M Jansen', 'T Natarajan', 'Umran Malik']",PG Pathak,R Pandit
1304073,Mumbai,2022-04-16,2022,27,Royal Challengers Bangalore,Delhi Capitals,"Wankhede Stadium, Mumbai",Delhi Capitals,field,N,Royal Challengers Bangalore,Runs,16,NA,KD Karthik,"['F du Plessis', 'Anuj Rawat', 'V Kohli', 'GJ Maxwell', 'SS Prabhudessai', 'Shahbaz Ahmed', 'KD Karthik', 'PWH de Silva', 'Mohammed Siraj', 'HV Patel', 'JR Hazlewood']","['PP Shaw', 'DA Warner', 'MR Marsh', 'RR Pant', 'R Powell', 'Lalit Yadav', 'SN Thakur', 'AR Patel', 'Kuldeep Yadav', 'Mustafizur Rahman', 'KK Ahmed']",Chirra Ravikanthreddy,J Madanagopal
1304072,Mumbai,2022-04-16,2022,26,Lucknow Super Giants,Mumbai Indians,"Brabourne Stadium, Mumbai",Mumbai Indians,field,N,Lucknow Super Giants,Runs,18,NA,KL Rahul,"['KL Rahul', 'Q de Kock', 'MK Pandey', 'MP Stoinis', 'DJ Hooda', 'KH Pandya', 'A Badoni', 'JO Holder', 'PVD Chameera', 'Avesh Khan', 'Ravi Bishnoi']","['Ishan Kishan', 'RG Sharma', 'D Brevis', 'SA Yadav', 'Tilak Varma', 'KA Pollard', 'FA Allen', 'JD Unadkat', 'M Ashwin', 'JJ Bumrah', 'TS Mills']",AK Chaudhary,NA Patwardhan
1304071,Mumbai,2022-04-15,2022,25,Kolkata Knight Riders,Sunrisers Hyderabad,"Brabourne Stadium, Mumbai",Sunrisers Hyderabad,field,N,Sunrisers Hyderabad,Wickets,7,NA,RA Tripathi,"['VR Iyer', 'AJ Finch', 'SS Iyer', 'SP Narine', 'N Rana', 'SP Jackson', 'AD Russell', 'PJ Cummins', 'Aman Hakim Khan', 'UT Yadav', 'CV Varun']","['Abhishek Sharma', 'KS Williamson', 'RA Tripathi', 'AK Markram', 'N Pooran', 'Shashank Singh', 'J Suchith', 'M Jansen', 'B Kumar', 'T Natarajan', 'Umran Malik']",GR Sadashiv Iyer,VK Sharma
1304070,Mumbai,2022-04-14,2022,24,Gujarat Titans,Rajasthan Royals,"Dr DY Patil Sports Academy, Mumbai",Rajasthan Royals,field,N,Gujarat Titans,Runs,37,NA,HH Pandya,"['MS Wade', 'Shubman Gill', 'V Shankar', 'HH Pandya', 'A Manohar', 'DA Miller', 'R Tewatia', 'Rashid Khan', 'Mohammed Shami', 'LH Ferguson', 'Yash Dayal']","['JC Buttler', 'D Padikkal', 'R Ashwin', 'SV Samson', 'HE van der Dussen', 'SO Hetmyer', 'R Parag', 'JDS Neesham', 'M Prasidh Krishna', 'YS Chahal', 'KR Sen']",CB Gaffaney,R Pandit
1304069,Pune,2022-04-13,2022,23,Punjab Kings,Mumbai Indians,"Maharashtra Cricket Association Stadium, Pune",Mumbai Indians,field,N,Punjab Kings,Runs,12,NA,MA Agarwal,"['MA Agarwal', 'S Dhawan', 'JM Bairstow', 'LS Livingstone', 'JM Sharma', 'M Shahrukh Khan', 'OF Smith', 'K Rabada', 'RD Chahar', 'VG Arora', 'Arshdeep Singh']","['RG Sharma', 'Ishan Kishan', 'D Brevis', 'Tilak Varma', 'SA Yadav', 'KA Pollard', 'JD Unadkat', 'M Ashwin', 'JJ Bumrah', 'TS Mills', 'Basil Thampi']",BNJ Oxenford,UV Gandhe
1304068,Mumbai,2022-04-12,2022,22,Chennai Super Kings,Royal Challengers Bangalore,"Dr DY Patil Sports Academy, Mumbai",Royal Challengers Bangalore,field,N,Chennai Super Kings,Runs,23,NA,S Dube,"['RD Gaikwad', 'RV Uthappa', 'MM Ali', 'S Dube', 'RA Jadeja', 'MS Dhoni', 'AT Rayudu', 'DJ Bravo', 'CJ Jordan', 'M Theekshana', 'Mukesh Choudhary']","['F du Plessis', 'Anuj Rawat', 'V Kohli', 'GJ Maxwell', 'Shahbaz Ahmed', 'SS Prabhudessai', 'KD Karthik', 'PWH de Silva', 'Akash Deep', 'Mohammed Siraj', 'JR Hazlewood']",Nitin Menon,N Pandit
1304067,Mumbai,2022-04-11,2022,21,Gujarat Titans,Sunrisers Hyderabad,"Dr DY Patil Sports Academy, Mumbai",Sunrisers Hyderabad,field,N,Sunrisers Hyderabad,Wickets,8,NA,KS Williamson,"['MS Wade', 'Shubman Gill', 'B Sai Sudharsan', 'HH Pandya', 'DA Miller', 'A Manohar', 'R Tewatia', 'Rashid Khan', 'DG Nalkande', 'Mohammed Shami', 'LH Ferguson']","['Abhishek Sharma', 'KS Williamson', 'RA Tripathi', 'N Pooran', 'AK Markram', 'Shashank Singh', 'Washington Sundar', 'M Jansen', 'B Kumar', 'T Natarajan', 'Umran Malik']",Chirra Ravikanthreddy,RJ Tucker
1304065,Mumbai,2022-04-10,2022,19,Delhi Capitals,Kolkata Knight Riders,"Brabourne Stadium, Mumbai",Kolkata Knight Riders,field,N,Delhi Capitals,Runs,44,NA,Kuldeep Yadav,"['PP Shaw', 'DA Warner', 'RR Pant', 'Lalit Yadav', 'R Powell', 'AR Patel', 'SN Thakur', 'SN Khan', 'Kuldeep Yadav', 'Mustafizur Rahman', 'KK Ahmed']","['AM Rahane', 'VR Iyer', 'SS Iyer', 'N Rana', 'AD Russell', 'SW Billings', 'PJ Cummins', 'SP Narine', 'UT Yadav', 'Rasikh Salam', 'CV Varun']",CB Gaffaney,J Madanagopal
1304066,Mumbai,2022-04-10,2022,20,Rajasthan Royals,Lucknow Super Giants,"Wankhede Stadium, Mumbai",Lucknow Super Giants,field,N,Rajasthan Royals,Runs,3,NA,YS Chahal,"['JC Buttler', 'D Padikkal', 'SV Samson', 'HE van der Dussen', 'SO Hetmyer', 'R Ashwin', 'R Parag', 'TA Boult', 'YS Chahal', 'KR Sen', 'M Prasidh Krishna']","['KL Rahul', 'Q de Kock', 'K Gowtham', 'JO Holder', 'DJ Hooda', 'A Badoni', 'KH Pandya', 'MP Stoinis', 'PVD Chameera', 'Avesh Khan', 'Ravi Bishnoi']",AK Chaudhary,Tapan Sharma
1304064,Pune,2022-04-09,2022,18,Mumbai Indians,Royal Challengers Bangalore,"Maharashtra Cricket Association Stadium, Pune",Royal Challengers Bangalore,field,N,Royal Challengers Bangalore,Wickets,7,NA,Anuj Rawat,"['Ishan Kishan', 'RG Sharma', 'D Brevis', 'SA Yadav', 'Tilak Varma', 'KA Pollard', 'Ramandeep Singh', 'JD Unadkat', 'M Ashwin', 'JJ Bumrah', 'Basil Thampi']","['F du Plessis', 'Anuj Rawat', 'V Kohli', 'KD Karthik', 'GJ Maxwell', 'DJ Willey', 'Shahbaz Ahmed', 'PWH de Silva', 'HV Patel', 'Mohammed Siraj', 'Akash Deep']",BNJ Oxenford,KN Ananthapadmanabhan
1304063,Mumbai,2022-04-09,2022,17,Chennai Super Kings,Sunrisers Hyderabad,"Dr DY Patil Sports Academy, Mumbai",Sunrisers Hyderabad,field,N,Sunrisers Hyderabad,Wickets,8,NA,Abhishek Sharma,"['RV Uthappa', 'RD Gaikwad', 'MM Ali', 'AT Rayudu', 'S Dube', 'RA Jadeja', 'MS Dhoni', 'DJ Bravo', 'CJ Jordan', 'M Theekshana', 'Mukesh Choudhary']","['Abhishek Sharma', 'KS Williamson', 'RA Tripathi', 'N Pooran', 'AK Markram', 'Shashank Singh', 'Washington Sundar', 'B Kumar', 'M Jansen', 'Umran Malik', 'T Natarajan']",Navdeep Singh,Nitin Menon
1304062,Mumbai,2022-04-08,2022,16,Punjab Kings,Gujarat Titans,"Brabourne Stadium, Mumbai",Gujarat Titans,field,N,Gujarat Titans,Wickets,6,NA,Shubman Gill,"['MA Agarwal', 'S Dhawan', 'JM Bairstow', 'LS Livingstone', 'JM Sharma', 'OF Smith', 'M Shahrukh Khan', 'K Rabada', 'RD Chahar', 'VG Arora', 'Arshdeep Singh']","['MS Wade', 'Shubman Gill', 'B Sai Sudharsan', 'HH Pandya', 'DA Miller', 'R Tewatia', 'A Manohar', 'Rashid Khan', 'DG Nalkande', 'Mohammed Shami', 'LH Ferguson']",AK Chaudhary,VK Sharma
1304061,Mumbai,2022-04-07,2022,15,Delhi Capitals,Lucknow Super Giants,"Dr DY Patil Sports Academy, Mumbai",Lucknow Super Giants,field,N,Lucknow Super Giants,Wickets,6,NA,Q de Kock,"['PP Shaw', 'DA Warner', 'R Powell', 'RR Pant', 'SN Khan', 'Lalit Yadav', 'AR Patel', 'SN Thakur', 'Kuldeep Yadav', 'Mustafizur Rahman', 'A Nortje']","['KL Rahul', 'Q de Kock', 'E Lewis', 'DJ Hooda', 'KH Pandya', 'A Badoni', 'K Gowtham', 'JO Holder', 'Avesh Khan', 'AJ Tye', 'Ravi Bishnoi']",RJ Tucker,Tapan Sharma
1304060,Pune,2022-04-06,2022,14,Mumbai Indians,Kolkata Knight Riders,"Maharashtra Cricket Association Stadium, Pune",Kolkata Knight Riders,field,N,Kolkata Knight Riders,Wickets,5,NA,PJ Cummins,"['RG Sharma', 'Ishan Kishan', 'D Brevis', 'SA Yadav', 'Tilak Varma', 'KA Pollard', 'DR Sams', 'M Ashwin', 'TS Mills', 'JJ Bumrah', 'Basil Thampi']","['AM Rahane', 'VR Iyer', 'SS Iyer', 'SW Billings', 'N Rana', 'AD Russell', 'PJ Cummins', 'SP Narine', 'Rasikh Salam', 'UT Yadav', 'CV Varun']",BNJ Oxenford,KN Ananthapadmanabhan
1304059,Mumbai,2022-04-05,2022,13,Rajasthan Royals,Royal Challengers Bangalore,"Wankhede Stadium, Mumbai",Royal Challengers Bangalore,field,N,Royal Challengers Bangalore,Wickets,4,NA,KD Karthik,"['JC Buttler', 'YBK Jaiswal', 'D Padikkal', 'SV Samson', 'SO Hetmyer', 'R Parag', 'R Ashwin', 'Navdeep Saini', 'TA Boult', 'YS Chahal', 'M Prasidh Krishna']","['F du Plessis', 'Anuj Rawat', 'V Kohli', 'DJ Willey', 'SE Rutherford', 'Shahbaz Ahmed', 'KD Karthik', 'HV Patel', 'PWH de Silva', 'Mohammed Siraj', 'Akash Deep']",AK Chaudhary,HAS Khalid
1304058,Mumbai,2022-04-04,2022,12,Lucknow Super Giants,Sunrisers Hyderabad,"Dr DY Patil Sports Academy, Mumbai",Sunrisers Hyderabad,field,N,Lucknow Super Giants,Runs,12,NA,Avesh Khan,"['KL Rahul', 'Q de Kock', 'E Lewis', 'MK Pandey', 'DJ Hooda', 'A Badoni', 'KH Pandya', 'JO Holder', 'AJ Tye', 'Ravi Bishnoi', 'Avesh Khan']","['Abhishek Sharma', 'KS Williamson', 'RA Tripathi', 'AK Markram', 'N Pooran', 'Washington Sundar', 'Abdul Samad', 'R Shepherd', 'B Kumar', 'Umran Malik', 'T Natarajan']",J Madanagopal,Navdeep Singh
1304057,Mumbai,2022-04-03,2022,11,Punjab Kings,Chennai Super Kings,"Brabourne Stadium, Mumbai",Chennai Super Kings,field,N,Punjab Kings,Runs,54,NA,LS Livingstone,"['MA Agarwal', 'S Dhawan', 'PBB Rajapaksa', 'LS Livingstone', 'JM Sharma', 'M Shahrukh Khan', 'OF Smith', 'K Rabada', 'RD Chahar', 'VG Arora', 'Arshdeep Singh']","['RV Uthappa', 'RD Gaikwad', 'MM Ali', 'AT Rayudu', 'RA Jadeja', 'S Dube', 'MS Dhoni', 'DJ Bravo', 'D Pretorius', 'CJ Jordan', 'Mukesh Choudhary']",RJ Tucker,YC Barde
1304056,Pune,2022-04-02,2022,10,Gujarat Titans,Delhi Capitals,"Maharashtra Cricket Association Stadium, Pune",Delhi Capitals,field,N,Gujarat Titans,Runs,14,NA,LH Ferguson,"['MS Wade', 'Shubman Gill', 'V Shankar', 'HH Pandya', 'DA Miller', 'R Tewatia', 'A Manohar', 'Rashid Khan', 'VR Aaron', 'LH Ferguson', 'Mohammed Shami']","['PP Shaw', 'TL Seifert', 'Mandeep Singh', 'RR Pant', 'Lalit Yadav', 'R Powell', 'AR Patel', 'SN Thakur', 'Kuldeep Yadav', 'KK Ahmed', 'Mustafizur Rahman']",KN Ananthapadmanabhan,UV Gandhe
1304055,Mumbai,2022-04-02,2022,9,Rajasthan Royals,Mumbai Indians,"Dr DY Patil Sports Academy, Mumbai",Mumbai Indians,field,N,Rajasthan Royals,Runs,23,NA,JC Buttler,"['JC Buttler', 'YBK Jaiswal', 'D Padikkal', 'SV Samson', 'SO Hetmyer', 'R Parag', 'R Ashwin', 'Navdeep Saini', 'TA Boult', 'YS Chahal', 'M Prasidh Krishna']","['Ishan Kishan', 'RG Sharma', 'Anmolpreet Singh', 'Tilak Varma', 'KA Pollard', 'TH David', 'DR Sams', 'M Ashwin', 'JJ Bumrah', 'TS Mills', 'Basil Thampi']",Nitin Menon,PG Pathak
1304054,Mumbai,2022-04-01,2022,8,Punjab Kings,Kolkata Knight Riders,"Wankhede Stadium, Mumbai",Kolkata Knight Riders,field,N,Kolkata Knight Riders,Wickets,6,NA,UT Yadav,"['MA Agarwal', 'S Dhawan', 'PBB Rajapaksa', 'LS Livingstone', 'RA Bawa', 'M Shahrukh Khan', 'Harpreet Brar', 'OF Smith', 'RD Chahar', 'K Rabada', 'Arshdeep Singh']","['AM Rahane', 'VR Iyer', 'SS Iyer', 'SW Billings', 'N Rana', 'AD Russell', 'SP Narine', 'TG Southee', 'UT Yadav', 'CV Varun', 'Shivam Mavi']",AK Chaudhary,HAS Khalid
1304053,Mumbai,2022-03-31,2022,7,Chennai Super Kings,Lucknow Super Giants,"Brabourne Stadium, Mumbai",Lucknow Super Giants,field,N,Lucknow Super Giants,Wickets,6,NA,E Lewis,"['RV Uthappa', 'RD Gaikwad', 'MM Ali', 'S Dube', 'AT Rayudu', 'RA Jadeja', 'MS Dhoni', 'D Pretorius', 'DJ Bravo', 'TU Deshpande', 'Mukesh Choudhary']","['KL Rahul', 'Q de Kock', 'MK Pandey', 'E Lewis', 'DJ Hooda', 'A Badoni', 'KH Pandya', 'PVD Chameera', 'AJ Tye', 'Ravi Bishnoi', 'Avesh Khan']",RJ Tucker,VK Sharma
1304052,Mumbai,2022-03-30,2022,6,Kolkata Knight Riders,Royal Challengers Bangalore,"Dr DY Patil Sports Academy, Mumbai",Royal Challengers Bangalore,field,N,Royal Challengers Bangalore,Wickets,3,NA,PWH de Silva,"['AM Rahane', 'VR Iyer', 'SS Iyer', 'N Rana', 'SP Narine', 'SW Billings', 'SP Jackson', 'AD Russell', 'TG Southee', 'UT Yadav', 'CV Varun']","['F du Plessis', 'Anuj Rawat', 'V Kohli', 'DJ Willey', 'SE Rutherford', 'Shahbaz Ahmed', 'KD Karthik', 'PWH de Silva', 'HV Patel', 'Mohammed Siraj', 'Akash Deep']",J Madanagopal,Navdeep Singh
1304051,Pune,2022-03-29,2022,5,Rajasthan Royals,Sunrisers Hyderabad,"Maharashtra Cricket Association Stadium, Pune",Sunrisers Hyderabad,field,N,Rajasthan Royals,Runs,61,NA,SV Samson,"['JC Buttler', 'YBK Jaiswal', 'SV Samson', 'D Padikkal', 'SO Hetmyer', 'R Parag', 'NM Coulter-Nile', 'R Ashwin', 'YS Chahal', 'TA Boult', 'M Prasidh Krishna']","['KS Williamson', 'Abhishek Sharma', 'RA Tripathi', 'N Pooran', 'AK Markram', 'Abdul Samad', 'R Shepherd', 'Washington Sundar', 'B Kumar', 'Umran Malik', 'T Natarajan']",BNJ Oxenford,UV Gandhe
1304050,Mumbai,2022-03-28,2022,4,Lucknow Super Giants,Gujarat Titans,"Wankhede Stadium, Mumbai",Gujarat Titans,field,N,Gujarat Titans,Wickets,5,NA,Mohammed Shami,"['KL Rahul', 'Q de Kock', 'E Lewis', 'MK Pandey', 'DJ Hooda', 'A Badoni', 'KH Pandya', 'PVD Chameera', 'Mohsin Khan', 'Ravi Bishnoi', 'Avesh Khan']","['Shubman Gill', 'MS Wade', 'V Shankar', 'HH Pandya', 'DA Miller', 'R Tewatia', 'A Manohar', 'Rashid Khan', 'LH Ferguson', 'Mohammed Shami', 'VR Aaron']",PG Pathak,VK Sharma
1304049,Mumbai,2022-03-27,2022,3,Royal Challengers Bangalore,Punjab Kings,"Dr DY Patil Sports Academy, Mumbai",Punjab Kings,field,N,Punjab Kings,Wickets,5,NA,OF Smith,"['F du Plessis', 'Anuj Rawat', 'V Kohli', 'KD Karthik', 'SE Rutherford', 'DJ Willey', 'Shahbaz Ahmed', 'PWH de Silva', 'HV Patel', 'Mohammed Siraj', 'Akash Deep']","['MA Agarwal', 'S Dhawan', 'PBB Rajapaksa', 'LS Livingstone', 'RA Bawa', 'M Shahrukh Khan', 'OF Smith', 'Harpreet Brar', 'Arshdeep Singh', 'Sandeep Sharma', 'RD Chahar']",Nitin Menon,YC Barde
1304048,Mumbai,2022-03-27,2022,2,Mumbai Indians,Delhi Capitals,"Brabourne Stadium, Mumbai",Delhi Capitals,field,N,Delhi Capitals,Wickets,4,NA,Kuldeep Yadav,"['RG Sharma', 'Ishan Kishan', 'Anmolpreet Singh', 'Tilak Varma', 'KA Pollard', 'TH David', 'DR Sams', 'M Ashwin', 'TS Mills', 'JJ Bumrah', 'Basil Thampi']","['PP Shaw', 'TL Seifert', 'Mandeep Singh', 'RR Pant', 'Lalit Yadav', 'R Powell', 'SN Thakur', 'AR Patel', 'Kuldeep Yadav', 'KK Ahmed', 'KL Nagarkoti']",RJ Tucker,HAS Khalid
1304047,Mumbai,2022-03-26,2022,1,Chennai Super Kings,Kolkata Knight Riders,"Wankhede Stadium, Mumbai",Kolkata Knight Riders,field,N,Kolkata Knight Riders,Wickets,6,NA,UT Yadav,"['RD Gaikwad', 'DP Conway', 'RV Uthappa', 'AT Rayudu', 'RA Jadeja', 'S Dube', 'MS Dhoni', 'DJ Bravo', 'MJ Santner', 'AF Milne', 'TU Deshpande']","['AM Rahane', 'VR Iyer', 'N Rana', 'SS Iyer', 'SW Billings', 'SP Jackson', 'AD Russell', 'SP Narine', 'UT Yadav', 'Shivam Mavi', 'CV Varun']",AK Chaudhary,Nitin Menon
