"","Num_episode","Title","Type","Year_launch","Rate","Votes","Saga","Airdate"
"1",1,"Homecoming","Mixed Canon/Filler","2007",8.2,728,"s1 Kazekage Rescue","2007-02-15"
"2",2,"The Akatsuki Makes Its Move","Mixed Canon/Filler","2007",8,575,"s1 Kazekage Rescue","2007-02-15"
"3",3,"The Results of Training","Mixed Canon/Filler","2007",8,508,"s1 Kazekage Rescue","2007-02-22"
"4",4,"The Jinchuriki of the Sand","Mixed Canon/Filler","2007",8.2,517,"s1 Kazekage Rescue","2007-03-01"
"5",5,"The Kazekage Stands Tall","Mixed Canon/Filler","2007",8.2,486,"s1 Kazekage Rescue","2007-03-15"
"6",6,"Mission Cleared","Mixed Canon/Filler","2007",8.2,480,"s1 Kazekage Rescue","2007-03-29"
"7",7,"Run, Kankuro","Mixed Canon/Filler","2007",7.8,457,"s1 Kazekage Rescue","2007-03-29"
"8",8,"Team Kakashi, Deployed","Mixed Canon/Filler","2007",7.7,437,"s1 Kazekage Rescue","2007-04-12"
"9",9,"The Jinchuriki's Tears","Mixed Canon/Filler","2007",7.6,434,"s1 Kazekage Rescue","2007-04-12"
"10",10,"Sealing Jutsu: Nine Phantom Dragons","Mixed Canon/Filler","2007",7.5,424,"s1 Kazekage Rescue","2007-04-19"
"11",11,"The Medical Ninja's Student","Mixed Canon/Filler","2007",7.7,425,"s1 Kazekage Rescue","2007-04-26"
"12",12,"The Retired Granny's Determination","Mixed Canon/Filler","2007",7.9,425,"s1 Kazekage Rescue","2007-05-03"
"13",13,"A Meeting With Destiny","Mixed Canon/Filler","2007",8.1,432,"s1 Kazekage Rescue","2007-05-10"
"14",14,"Naruto's Growth","Mixed Canon/Filler","2007",8.3,452,"s1 Kazekage Rescue","2007-05-17"
"15",15,"The Secret Weapon is Called....","Mixed Canon/Filler","2007",8.4,447,"s1 Kazekage Rescue","2007-05-24"
"16",16,"The Secret of Jinchuriki","Mixed Canon/Filler","2007",7.6,403,"s1 Kazekage Rescue","2007-05-31"
"17",17,"The Death of Gaara!","Mixed Canon/Filler","2007",7.8,405,"s1 Kazekage Rescue","2007-06-07"
"18",18,"Charge Tactic! Button Hook Entry!!","Mixed Canon/Filler","2007",7.7,407,"s1 Kazekage Rescue","2007-06-21"
"19",19,"Traps Activate! Team Guy's Enemies","Mixed Canon/Filler","2007",7.8,399,"s1 Kazekage Rescue","2007-07-05"
"20",20,"Hiruko vs. Two Kunoichi!","Manga Canon","2007",8.1,427,"s1 Kazekage Rescue","2007-07-19"
"21",21,"Sasori's Real Face","Manga Canon","2007",8.1,421,"s1 Kazekage Rescue","2007-07-26"
"22",22,"Chiyo's Secret Skills","Manga Canon","2007",7.9,413,"s1 Kazekage Rescue","2007-08-02"
"23",23,"Father and Mother","Manga Canon","2007",7.9,410,"s1 Kazekage Rescue","2007-08-02"
"24",24,"The Third Kazekage","Mixed Canon/Filler","2007",8.1,418,"s1 Kazekage Rescue","2007-08-09"
"25",25,"Three Minutes Between Life and Death","Mixed Canon/Filler","2007",7.9,414,"s1 Kazekage Rescue","2007-08-16"
"26",26,"Puppet Fight: 10 vs. 100!","Manga Canon","2007",8.4,656,"s1 Kazekage Rescue","2007-08-23"
"27",27,"Impossible Dream","Manga Canon","2007",8.5,474,"s1 Kazekage Rescue","2007-08-30"
"28",28,"Beasts! Alive Again!","Filler","2007",7.1,367,"s1 Kazekage Rescue","2007-09-13"
"29",29,"Kakashi Enlightened!","Manga Canon","2007",8.1,402,"s1 Kazekage Rescue","2007-09-27"
"30",30,"Aesthetics of an Instant","Manga Canon","2007",8.4,439,"s1 Kazekage Rescue","2007-09-27"
"31",31,"The Legacy!","Manga Canon","2007",8.5,675,"s1 Kazekage Rescue","2007-10-18"
"32",32,"Return of the Kazekage","Manga Canon","2007",7.9,405,"s1 Kazekage Rescue","2007-10-25"
"33",33,"The New Target","Manga Canon","2007",7.7,374,"s2 Long-Awaited Reunion","2007-11-08"
"34",34,"Formation! New Team Kakashi!","Manga Canon","2007",7.2,362,"s2 Long-Awaited Reunion","2007-11-15"
"35",35,"An Unnecessary Addition","Manga Canon","2007",7.3,364,"s2 Long-Awaited Reunion","2007-11-22"
"36",36,"The Fake Smile","Manga Canon","2007",7.2,362,"s2 Long-Awaited Reunion","2007-11-29"
"37",37,"Untitled","Manga Canon","2007",7.1,361,"s2 Long-Awaited Reunion","2007-11-29"
"38",38,"Simulation","Manga Canon","2007",7.1,360,"s2 Long-Awaited Reunion","2007-12-06"
"39",39,"The Tenchi Bridge","Manga Canon","2007",7.8,379,"s2 Long-Awaited Reunion","2007-12-13"
"40",40,"Nine-Tails Unleashed","Manga Canon","2007",7.7,393,"s2 Long-Awaited Reunion","2007-12-20"
"41",41,"The Top-Secret Mission Begins","Manga Canon","2007",8,395,"s2 Long-Awaited Reunion","2007-12-20"
"42",42,"Orochimaru vs. Jinchuriki","Manga Canon","2008",8.5,459,"s2 Long-Awaited Reunion","2008-01-10"
"43",43,"Sakura's Tears","Manga Canon","2008",7.9,380,"s2 Long-Awaited Reunion","2008-01-17"
"44",44,"The Secret of the Battle!","Manga Canon","2008",7.4,354,"s2 Long-Awaited Reunion","2008-01-24"
"45",45,"The Consequences of Betrayal","Mixed Canon/Filler","2008",7.3,346,"s2 Long-Awaited Reunion","2008-01-31"
"46",46,"The Unfinished Page","Manga Canon","2008",7.3,347,"s2 Long-Awaited Reunion","2008-02-07"
"47",47,"Infiltration: The Den of the Snake!","Manga Canon","2008",7.4,348,"s2 Long-Awaited Reunion","2008-02-14"
"48",48,"Bonds","Manga Canon","2008",7.2,355,"s2 Long-Awaited Reunion","2008-02-28"
"49",49,"Something Important...","Mixed Canon/Filler","2008",7.5,360,"s2 Long-Awaited Reunion","2008-03-06"
"50",50,"The Picture Book's Story","Mixed Canon/Filler","2008",7.3,345,"s2 Long-Awaited Reunion","2008-03-13"
"51",51,"Reunion","Manga Canon","2008",7.5,358,"s2 Long-Awaited Reunion","2008-03-20"
"52",52,"The Power of the Uchiha","Manga Canon","2008",8,384,"s2 Long-Awaited Reunion","2008-03-20"
"53",53,"Title","Manga Canon","2008",7.5,364,"s2 Long-Awaited Reunion","2008-04-03"
"54",54,"Nightmare","Mixed Canon/Filler","2008",7.5,362,"s3 Twelve Guardian Ninja","2008-04-03"
"55",55,"Wind","Manga Canon","2008",7.9,363,"s3 Twelve Guardian Ninja","2008-04-17"
"56",56,"Squirming","Mixed Canon/Filler","2008",7.6,346,"s3 Twelve Guardian Ninja","2008-04-24"
"57",57,"Robbed of Sleep","Filler","2008",6.9,269,"s3 Twelve Guardian Ninja","2008-05-08"
"58",58,"Loneliness","Filler","2008",6.6,267,"s3 Twelve Guardian Ninja","2008-05-08"
"59",59,"A New Enemy","Filler","2008",6.5,262,"s3 Twelve Guardian Ninja","2008-05-15"
"60",60,"Impermanence","Filler","2008",6.7,256,"s3 Twelve Guardian Ninja","2008-05-22"
"61",61,"Contact","Filler","2008",6.7,259,"s3 Twelve Guardian Ninja","2008-05-29"
"62",62,"Teammate","Filler","2008",6.5,256,"s3 Twelve Guardian Ninja","2008-06-05"
"63",63,"The Two Kings","Filler","2008",6.6,253,"s3 Twelve Guardian Ninja","2008-06-19"
"64",64,"The Jet-Black Signal Fire","Filler","2008",6.6,250,"s3 Twelve Guardian Ninja","2008-07-03"
"65",65,"Lockdown of Darkness","Filler","2008",6.9,249,"s3 Twelve Guardian Ninja","2008-07-03"
"66",66,"Revived Souls","Filler","2008",6.7,250,"s3 Twelve Guardian Ninja","2008-07-10"
"67",67,"Everyone's Struggle to the Death","Filler","2008",6.8,247,"s3 Twelve Guardian Ninja","2008-07-24"
"68",68,"Moment of Awakening","Filler","2008",6.7,247,"s3 Twelve Guardian Ninja","2008-07-31"
"69",69,"Despair","Filler","2008",6.6,251,"s3 Twelve Guardian Ninja","2008-07-31"
"70",70,"Resonance","Filler","2008",6.6,253,"s3 Twelve Guardian Ninja","2008-08-07"
"71",71,"My Friend","Filler","2008",6.6,265,"s3 Twelve Guardian Ninja","2008-08-14"
"72",72,"The Quietly Approaching Threat","Manga Canon","2008",7.3,335,"s4 Immortal Devastators","2008-08-21"
"73",73,"Akatsuki's Invasion","Manga Canon","2008",7.7,360,"s4 Immortal Devastators","2008-08-28"
"74",74,"Under the Starry Sky","Manga Canon","2008",7.5,340,"s4 Immortal Devastators","2008-09-04"
"75",75,"The Old Monk's Prayer","Manga Canon","2008",7.4,334,"s4 Immortal Devastators","2008-09-11"
"76",76,"The Next Step","Manga Canon","2008",7.7,348,"s4 Immortal Devastators","2008-09-25"
"77",77,"Climbing Silver","Manga Canon","2008",8.3,382,"s4 Immortal Devastators","2008-09-25"
"78",78,"The Judgment","Manga Canon","2008",8.6,501,"s4 Immortal Devastators","2008-10-02"
"79",79,"Unfulfilled Scream","Manga Canon","2008",8.6,482,"s4 Immortal Devastators","2008-10-02"
"80",80,"Last Words","Manga Canon","2008",8.5,634,"s4 Immortal Devastators","2008-10-16"
"81",81,"Sad News","Manga Canon","2008",8.1,372,"s4 Immortal Devastators","2008-10-23"
"82",82,"Team Ten","Manga Canon","2008",8.6,569,"s4 Immortal Devastators","2008-10-30"
"83",83,"Target: Locked On","Manga Canon","2008",8.3,377,"s4 Immortal Devastators","2008-11-06"
"84",84,"Kakuzu's Abilities","Manga Canon","2008",8.5,427,"s4 Immortal Devastators","2008-11-13"
"85",85,"Terrifying Secret","Manga Canon","2008",8.4,518,"s4 Immortal Devastators","2008-11-20"
"86",86,"Shikamaru's Genius","Manga Canon","2008",8.4,589,"s4 Immortal Devastators","2008-12-04"
"87",87,"When You Curse Someone, You Dig Your Own Grave","Manga Canon","2008",8.6,730,"s4 Immortal Devastators","2008-12-04"
"88",88,"Wind Style: Rasen Shuriken!","Manga Canon","2008",8.4,617,"s4 Immortal Devastators","2008-12-11"
"89",89,"The Price of Power","Mixed Canon/Filler","2008",7.7,344,"s5 The Three-Tailed Demon Turtle","2008-12-18"
"90",90,"A Shinobi's Determination","Mixed Canon/Filler","2008",6.9,287,"s5 The Three-Tailed Demon Turtle","2008-12-25"
"91",91,"Orochimaru's Hideout Discovered","Filler","2009",7,260,"s5 The Three-Tailed Demon Turtle","2009-01-08"
"92",92,"Encounter","Filler","2009",6.7,256,"s5 The Three-Tailed Demon Turtle","2009-01-15"
"93",93,"Connecting Hearts","Filler","2009",6.5,253,"s5 The Three-Tailed Demon Turtle","2009-01-22"
"94",94,"A Night of Rain","Filler","2009",6.4,245,"s5 The Three-Tailed Demon Turtle","2009-01-29"
"95",95,"The Two Charms","Filler","2009",6.4,246,"s5 The Three-Tailed Demon Turtle","2009-02-05"
"96",96,"The Unseeing Enemy","Filler","2009",6.6,239,"s5 The Three-Tailed Demon Turtle","2009-02-12"
"97",97,"The Labyrinth of Distorted Reflection","Filler","2009",6.8,240,"s5 The Three-Tailed Demon Turtle","2009-02-19"
"98",98,"The Target Appears","Filler","2009",6.8,239,"s5 The Three-Tailed Demon Turtle","2009-02-26"
"99",99,"The Rampaging Tailed Beast","Filler","2009",6.8,244,"s5 The Three-Tailed Demon Turtle","2009-03-05"
"100",100,"Inside the Mist","Filler","2009",6.5,241,"s5 The Three-Tailed Demon Turtle","2009-03-12"
"101",101,"Everyone's Feelings","Filler","2009",6.4,239,"s5 The Three-Tailed Demon Turtle","2009-03-26"
"102",102,"Regroup!","Filler","2009",6.4,240,"s5 The Three-Tailed Demon Turtle","2009-03-26"
"103",103,"The Four-Corner Sealing Barrier","Filler","2009",6.7,240,"s5 The Three-Tailed Demon Turtle","2009-04-09"
"104",104,"Breaking the Crystal Style","Filler","2009",6.8,237,"s5 The Three-Tailed Demon Turtle","2009-04-09"
"105",105,"The Battle Over the Barrier","Filler","2009",6.4,241,"s5 The Three-Tailed Demon Turtle","2009-04-16"
"106",106,"Red Camellia","Filler","2009",6.6,239,"s5 The Three-Tailed Demon Turtle","2009-04-23"
"107",107,"Strange Bedfellows","Filler","2009",6.5,236,"s5 The Three-Tailed Demon Turtle","2009-04-30"
"108",108,"Guidepost of the Camellia","Filler","2009",6.4,237,"s5 The Three-Tailed Demon Turtle","2009-05-07"
"109",109,"Cursed Seal Counterattack","Filler","2009",6.3,235,"s5 The Three-Tailed Demon Turtle","2009-05-14"
"110",110,"Memory of Guilt","Filler","2009",6.6,238,"s5 The Three-Tailed Demon Turtle","2009-05-21"
"111",111,"Shattered Promise","Filler","2009",6.7,241,"s5 The Three-Tailed Demon Turtle","2009-05-28"
"112",112,"A Place to Return To","Mixed Canon/Filler","2009",6.9,251,"s5 The Three-Tailed Demon Turtle","2009-06-04"
"113",113,"The Serpent's Pupil","Manga Canon","2009",7.8,350,"s6 Prophecy and Vengeance","2009-06-11"
"114",114,"Eye of a Hawk","Manga Canon","2009",8.2,367,"s6 Prophecy and Vengeance","2009-06-18"
"115",115,"Zabuza's Blade","Mixed Canon/Filler","2009",7.4,323,"s6 Prophecy and Vengeance","2009-06-25"
"116",116,"Guardian of the Iron Wall","Manga Canon","2009",7.2,313,"s6 Prophecy and Vengeance","2009-07-02"
"117",117,"Jugo of the Northern Hideout","Manga Canon","2009",7.3,309,"s6 Prophecy and Vengeance","2009-07-09"
"118",118,"Formation!","Manga Canon","2009",7.2,311,"s6 Prophecy and Vengeance","2009-07-23"
"119",119,"Kakashi Chronicles: A Boy's Life on the Battlefield, Part 1","Manga Canon","2009",8.4,661,"s6 Prophecy and Vengeance","2009-07-30"
"120",120,"Kakashi Chronicles: A Boy's Life on the Battlefield, Part 2","Manga Canon","2009",8.9,977,"s6 Prophecy and Vengeance","2009-07-30"
"121",121,"Assemble","Manga Canon","2009",7.7,344,"s6 Prophecy and Vengeance","2009-08-06"
"122",122,"The Hunt","Manga Canon","2009",7.8,337,"s6 Prophecy and Vengeance","2009-08-13"
"123",123,"Clash!","Manga Canon","2009",8.5,482,"s6 Prophecy and Vengeance","2009-08-20"
"124",124,"Art","Manga Canon","2009",8.4,533,"s6 Prophecy and Vengeance","2009-08-27"
"125",125,"Disappearance","Manga Canon","2009",8.2,377,"s6 Prophecy and Vengeance","2009-09-03"
"126",126,"Twilight","Manga Canon","2009",8.4,398,"s6 Prophecy and Vengeance","2009-09-10"
"127",127,"Tales of a Gutsy Ninja ~Jiraiya Ninja Scroll~ Part 1","Mixed Canon/Filler","2009",8,358,"s6 Prophecy and Vengeance","2009-09-24"
"128",128,"Tales of a Gutsy Ninja ~Jiraiya Ninja Scroll~ Part 2","Mixed Canon/Filler","2009",8.5,434,"s6 Prophecy and Vengeance","2009-09-24"
"129",129,"Infiltrate! The Village Hidden in the Rain","Manga Canon","2009",8,350,"s6 Prophecy and Vengeance","2009-10-08"
"130",130,"The Man Who Became God","Manga Canon","2009",8.5,468,"s6 Prophecy and Vengeance","2009-10-08"
"131",131,"Honored Sage Mode!","Manga Canon","2009",8.5,697,"s6 Prophecy and Vengeance","2009-10-15"
"132",132,"In Attendance, the Six Paths of Pain","Manga Canon","2009",8.8,810,"s6 Prophecy and Vengeance","2009-10-22"
"133",133,"The Tale of Jiraiya the Gallant","Manga Canon","2009",9.5,2229,"s6 Prophecy and Vengeance","2009-10-29"
"134",134,"Banquet Invitation","Manga Canon","2009",8.3,380,"s6 Prophecy and Vengeance","2009-11-05"
"135",135,"The Longest Moment...","Manga Canon","2009",8.4,389,"s6 Prophecy and Vengeance","2009-11-19"
"136",136,"The Light & Dark of the Mangekyo Sharingan","Manga Canon","2009",8.6,738,"s6 Prophecy and Vengeance","2009-11-19"
"137",137,"Amaterasu!","Manga Canon","2009",8.8,875,"s6 Prophecy and Vengeance","2009-11-26"
"138",138,"The End","Manga Canon","2009",9.2,1154,"s6 Prophecy and Vengeance","2009-12-03"
"139",139,"The Mystery of Tobi","Manga Canon","2009",8.6,486,"s6 Prophecy and Vengeance","2009-12-10"
"140",140,"Fate","Manga Canon","2009",8.6,732,"s6 Prophecy and Vengeance","2009-12-17"
"141",141,"Truth","Manga Canon","2009",8.8,849,"s6 Prophecy and Vengeance","2009-12-24"
"142",142,"Battle of Unraikyo","Manga Canon","2010",7.9,330,"s6 Prophecy and Vengeance","2010-01-07"
"143",143,"The Eight Tails Vs. Sasuke","Manga Canon","2010",8.5,418,"s6 Prophecy and Vengeance","2010-01-14"
"144",144,"Wanderer","Filler","2010",6.2,234,"s7 The Six-Tailed Demon Slug","2010-01-21"
"145",145,"Successor of the Forbidden Jutsu","Filler","2010",6.2,228,"s7 The Six-Tailed Demon Slug","2010-01-28"
"146",146,"The Successor's Wish","Filler","2010",6.3,222,"s7 The Six-Tailed Demon Slug","2010-02-04"
"147",147,"Rogue Ninja's Past","Filler","2010",6.3,224,"s7 The Six-Tailed Demon Slug","2010-02-11"
"148",148,"Heir to Darkness","Filler","2010",6.2,221,"s7 The Six-Tailed Demon Slug","2010-02-18"
"149",149,"Separation","Filler","2010",6.4,220,"s7 The Six-Tailed Demon Slug","2010-02-25"
"150",150,"The Forbidden Jutsu Released","Filler","2010",6.4,224,"s7 The Six-Tailed Demon Slug","2010-03-04"
"151",151,"Master and Student","Filler","2010",6.5,233,"s7 The Six-Tailed Demon Slug","2010-03-11"
"152",152,"Somber News","Manga Canon","2010",8.2,353,"s8 Two Saviors","2010-03-25"
"153",153,"Following the Master's Shadow","Manga Canon","2010",8.5,397,"s8 Two Saviors","2010-03-25"
"154",154,"Decryption","Manga Canon","2010",7.9,336,"s8 Two Saviors","2010-04-08"
"155",155,"The First Challenge","Manga Canon","2010",7.9,337,"s8 Two Saviors","2010-04-08"
"156",156,"Surpassing the Master","Manga Canon","2010",7.7,335,"s8 Two Saviors","2010-04-15"
"157",157,"Assault On the Leaf Village!","Manga Canon","2010",8.1,353,"s8 Two Saviors","2010-04-22"
"158",158,"Power to Believe","Manga Canon","2010",8.4,377,"s8 Two Saviors","2010-04-29"
"159",159,"Pain Vs. Kakashi","Manga Canon","2010",8.9,909,"s8 Two Saviors","2010-05-06"
"160",160,"Mystery of Pain","Manga Canon","2010",8.4,381,"s8 Two Saviors","2010-05-13"
"161",161,"Surname Is Sarutobi! Given Name, Konohamaru!","Manga Canon","2010",8.5,413,"s8 Two Saviors","2010-05-20"
"162",162,"Pain to the World","Manga Canon","2010",8.8,816,"s8 Two Saviors","2010-05-27"
"163",163,"Explosion! Sage Mode","Manga Canon","2010",8.8,828,"s8 Two Saviors","2010-06-03"
"164",164,"Danger! Sage Mode Limit Reached","Manga Canon","2010",9.1,1053,"s8 Two Saviors","2010-06-10"
"165",165,"Nine Tails, Captured!","Manga Canon","2010",8.9,994,"s8 Two Saviors","2010-06-17"
"166",166,"Confessions","Manga Canon","2010",9.2,1135,"s8 Two Saviors","2010-06-24"
"167",167,"Planetary Devastation","Manga Canon","2010",9.2,1252,"s8 Two Saviors","2010-07-01"
"168",168,"Fourth Hokage","Manga Canon","2010",9.2,1174,"s8 Two Saviors","2010-07-15"
"169",169,"The Two Students","Manga Canon","2010",8.5,421,"s8 Two Saviors","2010-07-22"
"170",170,"Big Adventure! The Quest for the Fourth Hokage's Legacy, Part 1","Filler","2010",6.1,232,"s8 Two Saviors","2010-07-29"
"171",171,"Big Adventure! The Quest for the Fourth Hokage's Legacy, Part 2","Filler","2010",6,230,"s8 Two Saviors","2010-07-29"
"172",172,"Meeting","Manga Canon","2010",8,346,"s8 Two Saviors","2010-08-05"
"173",173,"Origin of Pain","Manga Canon","2010",8.5,402,"s8 Two Saviors","2010-08-12"
"174",174,"Tale of Naruto Uzumaki","Manga Canon","2010",8.5,516,"s8 Two Saviors","2010-08-19"
"175",175,"Hero of the Hidden Leaf","Manga Canon","2010",9,1075,"s8 Two Saviors","2010-08-26"
"176",176,"Rookie Instructor Iruka","Filler","2010",6.9,237,"s9 The Locus Of Konoha","2010-09-02"
"177",177,"Iruka's Ordeal","Filler","2010",6.7,225,"s9 The Locus Of Konoha","2010-09-09"
"178",178,"Iruka's Decision","Filler","2010",6.8,225,"s9 The Locus Of Konoha","2010-09-16"
"179",179,"Kakashi Hatake, the Jonin in Charge","Filler","2010",6.6,228,"s9 The Locus Of Konoha","2010-09-30"
"180",180,"Inari's Courage Put to the Test","Filler","2010",5.9,223,"s9 The Locus Of Konoha","2010-10-07"
"181",181,"Naruto's School of Revenge","Filler","2010",5.8,220,"s9 The Locus Of Konoha","2010-10-14"
"182",182,"Gaara's Bond","Filler","2010",6.5,219,"s9 The Locus Of Konoha","2010-10-21"
"183",183,"Naruto: Outbreak","Filler","2010",5.9,214,"s9 The Locus Of Konoha","2010-10-28"
"184",184,"Deploy! Team Tenten","Filler","2010",5.9,207,"s9 The Locus Of Konoha","2010-11-04"
"185",185,"Animal District","Filler","2010",5.3,225,"s9 The Locus Of Konoha","2010-11-11"
"186",186,"Ah, the Medicine of Youth","Filler","2010",5.9,209,"s9 The Locus Of Konoha","2010-11-18"
"187",187,"Gutsy Master and Student: The Training","Filler","2010",6.1,210,"s9 The Locus Of Konoha","2010-11-25"
"188",188,"Record of the Gutsy Ninja Master and Student","Filler","2010",6.1,205,"s9 The Locus Of Konoha","2010-11-25"
"189",189,"Sasuke's Paw Encyclopedia","Filler","2010",5.7,209,"s9 The Locus Of Konoha","2010-12-02"
"190",190,"Naruto and the Old Soldier","Filler","2010",6.2,214,"s9 The Locus Of Konoha","2010-12-09"
"191",191,"Kakashi Love Song","Filler","2010",6.3,210,"s9 The Locus Of Konoha","2010-12-16"
"192",192,"Neji Chronicles","Filler","2010",5.9,208,"s9 The Locus Of Konoha","2010-12-23"
"193",193,"The Man Who Died Twice","Filler","2011",6.1,206,"s9 The Locus Of Konoha","2011-01-06"
"194",194,"The Worst Three-Legged Race","Filler","2011",6.2,215,"s9 The Locus Of Konoha","2011-01-13"
"195",195,"Team 10's Teamwork","Filler","2011",5.8,208,"s9 The Locus Of Konoha","2011-01-20"
"196",196,"Drive Towards Darkness","Filler","2011",5.9,210,"s9 The Locus Of Konoha","2011-01-27"
"197",197,"The Sixth Hokage Danzo","Manga Canon","2011",7.5,306,"s10 The Gathering of the Five Kage","2011-02-10"
"198",198,"Five Kage Summit's Eve","Manga Canon","2011",7.6,299,"s10 The Gathering of the Five Kage","2011-02-10"
"199",199,"Enter the Five Kage!","Manga Canon","2011",7.5,298,"s10 The Gathering of the Five Kage","2011-02-17"
"200",200,"Naruto's Plea","Manga Canon","2011",7.7,308,"s10 The Gathering of the Five Kage","2011-02-24"
"201",201,"Painful Decision","Manga Canon","2011",8,316,"s10 The Gathering of the Five Kage","2011-03-03"
"202",202,"Racing Lightning","Manga Canon","2011",8.2,321,"s10 The Gathering of the Five Kage","2011-03-10"
"203",203,"Sasuke's Ninja Way","Manga Canon","2011",8.4,341,"s10 The Gathering of the Five Kage","2011-03-17"
"204",204,"Power of the Five Kage","Manga Canon","2011",8.3,324,"s10 The Gathering of the Five Kage","2011-03-24"
"205",205,"Declaration of War","Manga Canon","2011",8.3,322,"s10 The Gathering of the Five Kage","2011-03-31"
"206",206,"Sakura's Feelings","Manga Canon","2011",7.3,323,"s10 The Gathering of the Five Kage","2011-04-07"
"207",207,"The Tailed Beast vs. The Tailless Tailed Beast","Manga Canon","2011",8.3,325,"s10 The Gathering of the Five Kage","2011-04-14"
"208",208,"As One's Friend","Manga Canon","2011",7.7,308,"s10 The Gathering of the Five Kage","2011-04-21"
"209",209,"Danzo's Right Arm","Manga Canon","2011",8.5,373,"s10 The Gathering of the Five Kage","2011-04-28"
"210",210,"The Forbidden Visual Jutsu","Manga Canon","2011",8.4,364,"s10 The Gathering of the Five Kage","2011-05-05"
"211",211,"Danzo Shimura","Manga Canon","2011",8.4,520,"s10 The Gathering of the Five Kage","2011-05-12"
"212",212,"Sakura's Resolve","Manga Canon","2011",6.9,288,"s10 The Gathering of the Five Kage","2011-05-19"
"213",213,"Lost Bonds","Mixed Canon/Filler","2011",6.3,287,"s10 The Gathering of the Five Kage","2011-05-26"
"214",214,"The Burden","Manga Canon","2011",7.1,292,"s10 The Gathering of the Five Kage","2011-06-02"
"215",215,"Two Fates","Manga Canon","2011",7.4,297,"s10 The Gathering of the Five Kage","2011-06-09"
"216",216,"High-Level Shinobi","Manga Canon","2011",7.6,313,"s10 The Gathering of the Five Kage","2011-06-16"
"217",217,"The Infiltrator","Manga Canon","2011",7.5,292,"s10 The Gathering of the Five Kage","2011-06-23"
"218",218,"The Five Great Nations Mobilize","Manga Canon","2011",7.2,292,"s10 The Gathering of the Five Kage","2011-06-30"
"219",219,"Kakashi Hatake, The Hokage","Manga Canon","2011",8.1,330,"s10 The Gathering of the Five Kage","2011-07-07"
"220",220,"Prophecy of the Great Lord Elder","Manga Canon","2011",7.3,286,"s10 The Gathering of the Five Kage","2011-07-21"
"221",221,"Storage","Manga Canon","2011",7.9,299,"s10 The Gathering of the Five Kage","2011-07-28"
"222",222,"The Five Kage's Decision","Manga Canon","2011",7.2,278,"s11 Paradise On The Ship","2011-07-28"
"223",223,"The Young Man and the Sea","Filler","2011",5.8,218,"s11 Paradise On The Ship","2011-08-04"
"224",224,"The Ninja of Benisu","Filler","2011",5.6,210,"s11 Paradise On The Ship","2011-08-11"
"225",225,"The Cursed Ghost Ship","Filler","2011",5.4,212,"s11 Paradise On The Ship","2011-08-18"
"226",226,"Battleship Island","Filler","2011",5.2,235,"s11 Paradise On The Ship","2011-08-25"
"227",227,"The Forgotten Island","Filler","2011",5.4,211,"s11 Paradise On The Ship","2011-09-01"
"228",228,"Fight! Rock Lee!","Filler","2011",5.5,209,"s11 Paradise On The Ship","2011-09-08"
"229",229,"Eat or Die! Mushrooms from Hell","Filler","2011",5.3,213,"s11 Paradise On The Ship","2011-09-22"
"230",230,"Revenge of the Shadow Clones","Filler","2011",5.5,206,"s11 Paradise On The Ship","2011-09-29"
"231",231,"The Closed Route","Filler","2011",5.5,206,"s11 Paradise On The Ship","2011-10-06"
"232",232,"The Girls Get-Together","Filler","2011",6.5,209,"s11 Paradise On The Ship","2011-10-13"
"233",233,"Naruto's Imposter","Filler","2011",5.5,203,"s11 Paradise On The Ship","2011-10-20"
"234",234,"Naruto's Favorite Student","Filler","2011",6.3,216,"s11 Paradise On The Ship","2011-10-27"
"235",235,"The Kunoichi of Nadeshiko Village","Filler","2011",5.8,206,"s11 Paradise On The Ship","2011-11-03"
"236",236,"Friends You Can Count On","Filler","2011",5.9,200,"s11 Paradise On The Ship","2011-11-10"
"237",237,"Ah, My Hero Lady Tsunade!","Filler","2011",6.1,199,"s11 Paradise On The Ship","2011-11-24"
"238",238,"Sai's Day Off","Filler","2011",5.9,201,"s11 Paradise On The Ship","2011-12-01"
"239",239,"The Legendary Ino-Shika-Cho Trio","Filler","2011",6.1,204,"s11 Paradise On The Ship","2011-12-08"
"240",240,"Kiba's Determination","Filler","2011",5.8,203,"s11 Paradise On The Ship","2011-12-15"
"241",241,"Kakashi, My Eternal Rival!","Filler","2011",6.7,216,"s11 Paradise On The Ship","2011-12-22"
"242",242,"Naruto's Vow","Filler","2011",6.4,206,"s11 Paradise On The Ship","2011-12-28"
"243",243,"Land Ahoy! Is This the Island of Paradise?","Manga Canon","2012",7.1,288,"s12 Nine-Tailed Fox Taming And Karmic Encounters","2012-01-05"
"244",244,"Killer Bee and Motoi","Manga Canon","2012",7,295,"s12 Nine-Tailed Fox Taming And Karmic Encounters","2012-01-12"
"245",245,"The Next Challenge! Naruto vs. The Nine Tails!!","Manga Canon","2012",8.2,347,"s12 Nine-Tailed Fox Taming And Karmic Encounters","2012-01-19"
"246",246,"The Orange Spark","Manga Canon","2012",8.3,621,"s12 Nine-Tailed Fox Taming And Karmic Encounters","2012-01-26"
"247",247,"Target: Nine Tails","Manga Canon","2012",8.3,619,"s12 Nine-Tailed Fox Taming And Karmic Encounters","2012-02-02"
"248",248,"The Fourth Hokage's Death Match","Manga Canon","2012",9.2,1134,"s12 Nine-Tailed Fox Taming And Karmic Encounters","2012-02-09"
"249",249,"Thank You","Manga Canon","2012",9.3,1356,"s12 Nine-Tailed Fox Taming And Karmic Encounters","2012-02-09"
"250",250,"Battle in Paradise! the Odd Beast vs. the Monster!","Manga Canon","2012",8,327,"s12 Nine-Tailed Fox Taming And Karmic Encounters","2012-02-16"
"251",251,"The Man Named Kisame","Manga Canon","2012",8.4,347,"s12 Nine-Tailed Fox Taming And Karmic Encounters","2012-02-23"
"252",252,"The Angelic Herald of Death","Manga Canon","2012",8.1,340,"s12 Nine-Tailed Fox Taming And Karmic Encounters","2012-03-01"
"253",253,"The Bridge to Peace","Manga Canon","2012",8.5,459,"s12 Nine-Tailed Fox Taming And Karmic Encounters","2012-03-08"
"254",254,"The Super Secret S-Rank Mission","Mixed Canon/Filler","2012",6.8,268,"s12 Nine-Tailed Fox Taming And Karmic Encounters","2012-03-15"
"255",255,"The Artist Returns","Manga Canon","2012",7.5,281,"s12 Nine-Tailed Fox Taming And Karmic Encounters","2012-03-22"
"256",256,"Assemble! Allied Shinobi Forces!","Manga Canon","2012",8.4,384,"s12 Nine-Tailed Fox Taming And Karmic Encounters","2012-03-29"
"257",257,"Meeting","Filler","2012",6.1,206,"s12 Nine-Tailed Fox Taming And Karmic Encounters","2012-04-05"
"258",258,"Rivals","Filler","2012",5.7,197,"s12 Nine-Tailed Fox Taming And Karmic Encounters","2012-04-12"
"259",259,"Rift","Filler","2012",5.6,201,"s12 Nine-Tailed Fox Taming And Karmic Encounters","2012-04-19"
"260",260,"Parting","Filler","2012",6,197,"s12 Nine-Tailed Fox Taming And Karmic Encounters","2012-04-26"
"261",261,"For My Friend","Manga Canon","2012",7.7,312,"s12 Nine-Tailed Fox Taming And Karmic Encounters","2012-05-03"
"262",262,"War Begins!","Manga Canon","2012",8.2,303,"s12 Nine-Tailed Fox Taming And Karmic Encounters","2012-05-10"
"263",263,"Sai and Shin","Manga Canon","2012",7.9,291,"s12 Nine-Tailed Fox Taming And Karmic Encounters","2012-05-17"
"264",264,"Secrets of the Reanimation Jutsu","Manga Canon","2012",7.8,283,"s12 Nine-Tailed Fox Taming And Karmic Encounters","2012-05-24"
"265",265,"An Old Nemesis Returns","Manga Canon","2012",7.9,294,"s12 Nine-Tailed Fox Taming And Karmic Encounters","2012-05-31"
"266",266,"The First and Last Opponent","Manga Canon","2012",8.1,299,"s12 Nine-Tailed Fox Taming And Karmic Encounters","2012-06-07"
"267",267,"The Brilliant Military Advisor of the Hidden Leaf","Manga Canon","2012",7.5,268,"s12 Nine-Tailed Fox Taming And Karmic Encounters","2012-06-21"
"268",268,"Battleground!","Manga Canon","2012",7.6,271,"s12 Nine-Tailed Fox Taming And Karmic Encounters","2012-06-28"
"269",269,"Forbidden Words","Manga Canon","2012",7.8,272,"s12 Nine-Tailed Fox Taming And Karmic Encounters","2012-07-05"
"270",270,"Golden Bonds","Manga Canon","2012",7.9,276,"s12 Nine-Tailed Fox Taming And Karmic Encounters","2012-07-19"
"271",271,"Road to Sakura","Filler","2012",5.7,218,"s12 Nine-Tailed Fox Taming And Karmic Encounters","2012-07-26"
"272",272,"Mifune vs. Hanzo","Manga Canon","2012",7.8,295,"s12 Nine-Tailed Fox Taming And Karmic Encounters","2012-08-02"
"273",273,"True Kindness","Manga Canon","2012",7.3,268,"s12 Nine-Tailed Fox Taming And Karmic Encounters","2012-08-09"
"274",274,"The Complete Ino-Shika-Cho Formation!","Manga Canon","2012",7.5,277,"s12 Nine-Tailed Fox Taming And Karmic Encounters","2012-08-09"
"275",275,"A Message from the Heart","Manga Canon","2012",8,294,"s12 Nine-Tailed Fox Taming And Karmic Encounters","2012-08-16"
"276",276,"Attack of the Gedo Statue","Manga Canon","2012",7.8,270,"s13 The Seven Shinobi Swordsmen","2012-08-23"
"277",277,"Unison Sign","Manga Canon","2012",7.4,266,"s13 The Seven Shinobi Swordsmen","2012-08-30"
"278",278,"Medic Ninja in Danger","Manga Canon","2012",7.4,262,"s13 The Seven Shinobi Swordsmen","2012-09-06"
"279",279,"White Zetsu's Trap","Filler","2012",7,206,"s13 The Seven Shinobi Swordsmen","2012-09-13"
"280",280,"Aesthetics of an Artist","Filler","2012",6.7,201,"s13 The Seven Shinobi Swordsmen","2012-09-20"
"281",281,"The Allied Mom Force!","Filler","2012",5.3,195,"s13 The Seven Shinobi Swordsmen","2012-09-27"
"282",282,"The Secret Origin of the Ultimate Tag Team!","Manga Canon","2012",7.7,265,"s13 The Seven Shinobi Swordsmen","2012-10-04"
"283",283,"Two Suns","Manga Canon","2012",8.1,292,"s13 The Seven Shinobi Swordsmen","2012-10-11"
"284",284,"Helmet Splitter: Jinin Akebino!","Filler","2012",7.2,202,"s13 The Seven Shinobi Swordsmen","2012-10-18"
"285",285,"User of the Scorch Style: Pakura of the Sand!","Filler","2012",6.6,193,"s13 The Seven Shinobi Swordsmen","2012-10-25"
"286",286,"Things You Can't Get Back","Filler","2012",6.4,185,"s13 The Seven Shinobi Swordsmen","2012-11-01"
"287",287,"One Worth Betting On","Filler","2012",6.2,187,"s13 The Seven Shinobi Swordsmen","2012-11-01"
"288",288,"Danger: Jinpachi and Kushimaru!","Filler","2012",6.6,199,"s13 The Seven Shinobi Swordsmen","2012-11-08"
"289",289,"The Lightning Blade: Ameyuri Ringo!","Filler","2012",6.7,199,"s13 The Seven Shinobi Swordsmen","2012-11-15"
"290",290,"Power: Episode 1","Filler","2012",6.6,211,"s13 The Seven Shinobi Swordsmen","2012-11-22"
"291",291,"Power: Episode 2","Filler","2012",6.4,201,"s13 The Seven Shinobi Swordsmen","2012-11-29"
"292",292,"Power: Episode 3","Filler","2012",6.8,208,"s13 The Seven Shinobi Swordsmen","2012-12-06"
"293",293,"Power: Episode 4","Filler","2012",6.4,202,"s13 The Seven Shinobi Swordsmen","2012-12-13"
"294",294,"Power: Episode 5","Filler","2012",6.7,204,"s13 The Seven Shinobi Swordsmen","2012-12-20"
"295",295,"Power: Episode Final","Filler","2013",7.1,224,"s13 The Seven Shinobi Swordsmen","2013-01-10"
"296",296,"Naruto Enters the Battle","Manga Canon","2013",7.7,311,"s14 The Fourth Great Ninja War - Assailants From Afar","2013-01-17"
"297",297,"A Father's Hope, a Mother's Love","Manga Canon","2013",8.3,350,"s14 The Fourth Great Ninja War - Assailants From Afar","2013-01-24"
"298",298,"Contact! Naruto vs. Itachi","Manga Canon","2013",8.3,603,"s14 The Fourth Great Ninja War - Assailants From Afar","2013-01-31"
"299",299,"The Acknowledged One","Manga Canon","2013",8.5,384,"s14 The Fourth Great Ninja War - Assailants From Afar","2013-02-07"
"300",300,"The Mizukage, the Giant Clam, and the Mirage","Manga Canon","2013",8,295,"s14 The Fourth Great Ninja War - Assailants From Afar","2013-02-14"
"301",301,"Paradox","Manga Canon","2013",8.2,308,"s14 The Fourth Great Ninja War - Assailants From Afar","2013-02-21"
"302",302,"Terror! the Steam Imp","Manga Canon","2013",7.7,267,"s14 The Fourth Great Ninja War - Assailants From Afar","2013-02-28"
"303",303,"Ghosts from the Past","Filler","2013",6.7,202,"s14 The Fourth Great Ninja War - Assailants From Afar","2013-03-07"
"304",304,"The Underworld Transfer Jutsu","Filler","2013",6.3,199,"s14 The Fourth Great Ninja War - Assailants From Afar","2013-03-14"
"305",305,"The Vengeful","Filler","2013",6.5,194,"s14 The Fourth Great Ninja War - Assailants From Afar","2013-03-21"
"306",306,"The Heart's Eye","Filler","2013",6.2,195,"s14 The Fourth Great Ninja War - Assailants From Afar","2013-03-28"
"307",307,"Fade Into the Moonlight","Filler","2013",6.4,205,"s14 The Fourth Great Ninja War - Assailants From Afar","2013-04-04"
"308",308,"Crescent Moon Night","Filler","2013",6.3,194,"s14 The Fourth Great Ninja War - Assailants From Afar","2013-04-11"
"309",309,"The A-Rank Mission: Food Fight!","Filler","2013",5.5,186,"s14 The Fourth Great Ninja War - Assailants From Afar","2013-04-18"
"310",310,"The Fallen Castle","Filler","2013",5.7,181,"s14 The Fourth Great Ninja War - Assailants From Afar","2013-04-25"
"311",311,"Prologue of Road to Ninja","Filler","2013",7.5,244,"s14 The Fourth Great Ninja War - Assailants From Afar","2013-05-02"
"312",312,"The Old Master and the Dragon's Eye","Filler","2013",5.5,188,"s14 The Fourth Great Ninja War - Assailants From Afar","2013-05-09"
"313",313,"Rain Followed by Snow, with Some Lightning","Filler","2013",5.1,206,"s14 The Fourth Great Ninja War - Assailants From Afar","2013-05-16"
"314",314,"The Sad Sun Shower","Filler","2013",5.2,188,"s14 The Fourth Great Ninja War - Assailants From Afar","2013-05-23"
"315",315,"Lingering Snow","Filler","2013",5.8,185,"s14 The Fourth Great Ninja War - Assailants From Afar","2013-05-30"
"316",316,"The Reanimated Allied Forces","Filler","2013",6.2,192,"s14 The Fourth Great Ninja War - Assailants From Afar","2013-06-06"
"317",317,"Shino vs. Torune","Filler","2013",6.6,193,"s14 The Fourth Great Ninja War - Assailants From Afar","2013-06-13"
"318",318,"A Hole in the Heart: the Other Jinchuriki","Filler","2013",6.2,187,"s14 The Fourth Great Ninja War - Assailants From Afar","2013-06-20"
"319",319,"The Soul Living Inside the Puppet","Filler","2013",6.7,196,"s14 The Fourth Great Ninja War - Assailants From Afar","2013-06-27"
"320",320,"Run, Omoi!","Filler","2013",6.4,202,"s14 The Fourth Great Ninja War - Assailants From Afar","2013-07-04"
"321",321,"Reinforcements Arrive","Manga Canon","2013",8.1,309,"s15 The Fourth Great Ninja War - Sasuke And Itachi","2013-07-18"
"322",322,"Madara Uchiha","Manga Canon","2013",9.3,1600,"s15 The Fourth Great Ninja War - Sasuke And Itachi","2013-07-25"
"323",323,"The Five Kage Assemble","Manga Canon","2013",8.3,548,"s15 The Fourth Great Ninja War - Sasuke And Itachi","2013-08-01"
"324",324,"The Unbreakable Mask and the Shattered Bubble","Mixed Canon/Filler","2013",7.8,290,"s15 The Fourth Great Ninja War - Sasuke And Itachi","2013-08-08"
"325",325,"Jinchuriki vs. Jinchuriki!","Manga Canon","2013",8.1,296,"s15 The Fourth Great Ninja War - Sasuke And Itachi","2013-08-15"
"326",326,"Four Tails, the King of Sage Monkeys","Manga Canon","2013",8.3,299,"s15 The Fourth Great Ninja War - Sasuke And Itachi","2013-08-22"
"327",327,"Nine Tails","Mixed Canon/Filler","2013",7.2,292,"s15 The Fourth Great Ninja War - Sasuke And Itachi","2013-08-29"
"328",328,"Kurama","Mixed Canon/Filler","2013",7.9,327,"s15 The Fourth Great Ninja War - Sasuke And Itachi","2013-08-29"
"329",329,"Two-Man Team","Manga Canon","2013",8.5,736,"s15 The Fourth Great Ninja War - Sasuke And Itachi","2013-09-05"
"330",330,"Promise of Victory","Mixed Canon/Filler","2013",7.7,277,"s15 The Fourth Great Ninja War - Sasuke And Itachi","2013-09-12"
"331",331,"Eyes That See in the Dark","Mixed Canon/Filler","2013",7,265,"s15 The Fourth Great Ninja War - Sasuke And Itachi","2013-09-19"
"332",332,"The Will of Stone","Manga Canon","2013",8.2,295,"s15 The Fourth Great Ninja War - Sasuke And Itachi","2013-09-26"
"333",333,"The Risks of the Reanimation Jutsu","Manga Canon","2013",8.4,309,"s15 The Fourth Great Ninja War - Sasuke And Itachi","2013-10-03"
"334",334,"Sibling Tag Team","Manga Canon","2013",8.3,307,"s15 The Fourth Great Ninja War - Sasuke And Itachi","2013-10-10"
"335",335,"To Each Their Own Leaf","Manga Canon","2013",7.7,280,"s15 The Fourth Great Ninja War - Sasuke And Itachi","2013-10-24"
"336",336,"Kabuto Yakushi","Manga Canon","2013",7.7,282,"s15 The Fourth Great Ninja War - Sasuke And Itachi","2013-10-31"
"337",337,"The Izanami Activated","Manga Canon","2013",8.2,314,"s15 The Fourth Great Ninja War - Sasuke And Itachi","2013-11-07"
"338",338,"Izanagi and Izanami","Mixed Canon/Filler","2013",8.2,318,"s15 The Fourth Great Ninja War - Sasuke And Itachi","2013-11-14"
"339",339,"I Will Love You Always","Manga Canon","2013",9.1,1188,"s15 The Fourth Great Ninja War - Sasuke And Itachi","2013-11-21"
"340",340,"Reanimation Jutsu, Release!","Manga Canon","2013",8.3,317,"s15 The Fourth Great Ninja War - Sasuke And Itachi","2013-11-28"
"341",341,"Orochimaru's Return","Manga Canon","2013",8,293,"s15 The Fourth Great Ninja War - Sasuke And Itachi","2013-12-05"
"342",342,"Secret of the Transportation Technique","Manga Canon","2013",8.5,358,"s15 The Fourth Great Ninja War - Sasuke And Itachi","2013-12-12"
"343",343,"Who Are You?","Manga Canon","2013",8.5,660,"s15 The Fourth Great Ninja War - Sasuke And Itachi","2013-12-19"
"344",344,"Obito and Madara","Manga Canon","2014",8.3,583,"s15 The Fourth Great Ninja War - Sasuke And Itachi","2014-01-09"
"345",345,"I'm in Hell","Manga Canon","2014",9.2,1227,"s15 The Fourth Great Ninja War - Sasuke And Itachi","2014-01-16"
"346",346,"World of Dreams","Mixed Canon/Filler","2014",8.3,309,"s15 The Fourth Great Ninja War - Sasuke And Itachi","2014-01-23"
"347",347,"Creeping Shadow","Filler","2014",7.7,255,"s15 The Fourth Great Ninja War - Sasuke And Itachi","2014-01-23"
"348",348,"The New Akatsuki","Filler","2014",8.2,270,"s15 The Fourth Great Ninja War - Sasuke And Itachi","2014-01-30"
"349",349,"Kakashi: Shadow of the ANBU Black Ops – A Mask That Hides the Heart","Filler","2014",7.8,239,"s16 Kakashi: Shadow Of The Anbu Black Ops","2014-02-06"
"350",350,"Kakashi: Shadow of the ANBU Black Ops – Minato's Death","Filler","2014",8,261,"s16 Kakashi: Shadow Of The Anbu Black Ops","2014-02-13"
"351",351,"Kakashi: Shadow of the ANBU Black Ops: Hashirama's Cells","Filler","2014",7.3,210,"s16 Kakashi: Shadow Of The Anbu Black Ops","2014-02-20"
"352",352,"Kakashi: Shadow of the ANBU Black Ops: The Rogue Ninja Orochimaru","Filler","2014",7,210,"s16 Kakashi: Shadow Of The Anbu Black Ops","2014-02-27"
"353",353,"Kakashi: Shadow of the ANBU Black Ops – Orochimaru's Test Subjects","Filler","2014",6.9,200,"s16 Kakashi: Shadow Of The Anbu Black Ops","2014-03-06"
"354",354,"Kakashi: Shadow of the ANBU Black Ops – Their Own Paths","Filler","2014",7,200,"s16 Kakashi: Shadow Of The Anbu Black Ops","2014-03-06"
"355",355,"Kakashi: Shadow of the ANBU Black Ops – the Targeted Sharingan","Filler","2014",7.2,210,"s16 Kakashi: Shadow Of The Anbu Black Ops","2014-03-13"
"356",356,"Kakashi: Shadow of the ANBU Black Ops – a Shinobi of the Leaf","Filler","2014",7.3,212,"s16 Kakashi: Shadow Of The Anbu Black Ops","2014-03-20"
"357",357,"Kakashi: Shadow of the ANBU Black Ops – an Uchiha ANBU","Filler","2014",7.7,232,"s16 Kakashi: Shadow Of The Anbu Black Ops","2014-04-03"
"358",358,"Kakashi: Shadow of the ANBU Black Ops – Coup D'État","Filler","2014",8.3,297,"s16 Kakashi: Shadow Of The Anbu Black Ops","2014-04-10"
"359",359,"Kakashi: Shadow of the ANBU Black Ops – the Night of the Tragedy","Filler","2014",8.1,252,"s16 Kakashi: Shadow Of The Anbu Black Ops","2014-04-17"
"360",360,"Kakashi: Shadow of the ANBU Black Ops – Jonin Leader","Filler","2014",7.6,222,"s16 Kakashi: Shadow Of The Anbu Black Ops","2014-04-24"
"361",361,"Kakashi: Shadow of the ANBU Black Ops – Squad Seven","Filler","2014",8,258,"s16 Kakashi: Shadow Of The Anbu Black Ops","2014-05-08"
"362",362,"Kakashi's Resolve","Mixed Canon/Filler","2014",8.2,497,"s17 The Fourth Great Ninja War - The Return Of Squad Seven","2014-05-15"
"363",363,"The Allied Shinobi Forces Jutsu","Manga Canon","2014",8.5,628,"s17 The Fourth Great Ninja War - The Return Of Squad Seven","2014-05-22"
"364",364,"The Ties That Bind","Manga Canon","2014",9,1048,"s17 The Fourth Great Ninja War - The Return Of Squad Seven","2014-06-05"
"365",365,"Those Who Dance in the Shadows","Manga Canon","2014",8.6,676,"s17 The Fourth Great Ninja War - The Return Of Squad Seven","2014-06-12"
"366",366,"The All-Knowing","Manga Canon","2014",8.8,833,"s17 The Fourth Great Ninja War - The Return Of Squad Seven","2014-06-19"
"367",367,"Hashirama and Madara","Manga Canon","2014",8.2,491,"s17 The Fourth Great Ninja War - The Return Of Squad Seven","2014-07-03"
"368",368,"Era of Warring States","Manga Canon","2014",8.4,572,"s17 The Fourth Great Ninja War - The Return Of Squad Seven","2014-07-10"
"369",369,"My True Dream","Manga Canon","2014",8.3,524,"s17 The Fourth Great Ninja War - The Return Of Squad Seven","2014-07-24"
"370",370,"Sasuke's Answer","Manga Canon","2014",8.4,567,"s17 The Fourth Great Ninja War - The Return Of Squad Seven","2014-07-31"
"371",371,"Hole","Manga Canon","2014",8.5,361,"s17 The Fourth Great Ninja War - The Return Of Squad Seven","2014-08-07"
"372",372,"Something to Fill the Hole","Manga Canon","2014",8.8,899,"s17 The Fourth Great Ninja War - The Return Of Squad Seven","2014-08-14"
"373",373,"Team 7, Assemble!","Manga Canon","2014",8.2,499,"s18 The Fourth Great Ninja War - Obito Uchiha Against The Shinobi Forces","2014-08-21"
"374",374,"The New Three-Way Deadlock","Manga Canon","2014",8.3,439,"s18 The Fourth Great Ninja War - Obito Uchiha Against The Shinobi Forces","2014-08-28"
"375",375,"Kakashi vs. Obito","Manga Canon","2014",9.3,1732,"s18 The Fourth Great Ninja War - Obito Uchiha Against The Shinobi Forces","2014-09-04"
"376",376,"The Directive to Take the Nine Tails","Filler","2014",4.6,260,"s18 The Fourth Great Ninja War - Obito Uchiha Against The Shinobi Forces","2014-09-11"
"377",377,"Naruto vs. Mecha Naruto","Filler","2014",4.2,348,"s18 The Fourth Great Ninja War - Obito Uchiha Against The Shinobi Forces","2014-09-11"
"378",378,"The Ten Tails' Jinchuriki","Manga Canon","2014",8.2,446,"s18 The Fourth Great Ninja War - Obito Uchiha Against The Shinobi Forces","2014-09-18"
"379",379,"An Opening","Manga Canon","2014",8.4,548,"s18 The Fourth Great Ninja War - Obito Uchiha Against The Shinobi Forces","2014-09-25"
"380",380,"The Day Naruto Was Born","Manga Canon","2014",8.2,496,"s18 The Fourth Great Ninja War - Obito Uchiha Against The Shinobi Forces","2014-10-02"
"381",381,"The Divine Tree","Manga Canon","2014",8.2,535,"s18 The Fourth Great Ninja War - Obito Uchiha Against The Shinobi Forces","2014-10-09"
"382",382,"A Shinobi's Dream","Manga Canon","2014",8.2,436,"s18 The Fourth Great Ninja War - Obito Uchiha Against The Shinobi Forces","2014-10-16"
"383",383,"Pursuing Hope","Manga Canon","2014",8.5,348,"s18 The Fourth Great Ninja War - Obito Uchiha Against The Shinobi Forces","2014-10-23"
"384",384,"A Heart Filled With Comrades","Manga Canon","2014",8.2,506,"s18 The Fourth Great Ninja War - Obito Uchiha Against The Shinobi Forces","2014-10-30"
"385",385,"Obito Uchiha","Mixed Canon/Filler","2014",8.1,308,"s18 The Fourth Great Ninja War - Obito Uchiha Against The Shinobi Forces","2014-11-06"
"386",386,"I'm Always Watching","Mixed Canon/Filler","2014",7.9,266,"s18 The Fourth Great Ninja War - Obito Uchiha Against The Shinobi Forces","2014-11-13"
"387",387,"The Promise That Was Kept","Manga Canon","2014",8.4,300,"s18 The Fourth Great Ninja War - Obito Uchiha Against The Shinobi Forces","2014-11-20"
"388",388,"My First Friend","Filler","2014",6.4,201,"s18 The Fourth Great Ninja War - Obito Uchiha Against The Shinobi Forces","2014-11-27"
"389",389,"The Adored Elder Sister","Filler","2014",6.3,174,"s18 The Fourth Great Ninja War - Obito Uchiha Against The Shinobi Forces","2014-12-04"
"390",390,"Hanabi's Decision","Filler","2014",6.7,173,"s18 The Fourth Great Ninja War - Obito Uchiha Against The Shinobi Forces","2014-12-04"
"391",391,"Madara Uchiha Arises","Manga Canon","2014",8.4,610,"s18 The Fourth Great Ninja War - Obito Uchiha Against The Shinobi Forces","2014-12-11"
"392",392,"The Hidden Heart","Manga Canon","2014",8.3,581,"s18 The Fourth Great Ninja War - Obito Uchiha Against The Shinobi Forces","2014-12-18"
"393",393,"A True Ending","Manga Canon","2014",8.6,766,"s18 The Fourth Great Ninja War - Obito Uchiha Against The Shinobi Forces","2014-12-25"
"394",394,"The New Chunin Exams","Filler","2015",6.4,178,"s19 Naruto'S Back ~The Tracks Of His Friends","2015-01-08"
"395",395,"The Chunin Exams Begin!","Filler","2015",6,170,"s19 Naruto'S Back ~The Tracks Of His Friends","2015-01-15"
"396",396,"The Three Questions","Filler","2015",6.6,172,"s19 Naruto'S Back ~The Tracks Of His Friends","2015-01-22"
"397",397,"One Worthy As A Leader","Filler","2015",6.7,167,"s19 Naruto'S Back ~The Tracks Of His Friends","2015-01-29"
"398",398,"The Night Before the Second Exam","Filler","2015",6.4,166,"s19 Naruto'S Back ~The Tracks Of His Friends","2015-02-05"
"399",399,"Demon Desert Survival","Filler","2015",6.2,165,"s19 Naruto'S Back ~The Tracks Of His Friends","2015-02-12"
"400",400,"As a Taijutsu User","Filler","2015",6.1,169,"s19 Naruto'S Back ~The Tracks Of His Friends","2015-02-19"
"401",401,"The Ultimate","Filler","2015",7.1,179,"s19 Naruto'S Back ~The Tracks Of His Friends","2015-02-26"
"402",402,"Escape vs. Pursuit","Filler","2015",5.8,169,"s19 Naruto'S Back ~The Tracks Of His Friends","2015-03-05"
"403",403,"Unwavering Gutsiness","Filler","2015",5.8,166,"s19 Naruto'S Back ~The Tracks Of His Friends","2015-03-12"
"404",404,"Tenten's Troubles","Filler","2015",5.7,165,"s19 Naruto'S Back ~The Tracks Of His Friends","2015-03-19"
"405",405,"The Imprisoned Pair","Filler","2015",5.9,163,"s19 Naruto'S Back ~The Tracks Of His Friends","2015-03-26"
"406",406,"The Place Where I Belong","Filler","2015",5.7,164,"s19 Naruto'S Back ~The Tracks Of His Friends","2015-04-02"
"407",407,"The Yamanaka Clan: Secret Ninjutsu","Filler","2015",5.8,164,"s19 Naruto'S Back ~The Tracks Of His Friends","2015-04-09"
"408",408,"The Cursed Puppet","Filler","2015",6.1,164,"s19 Naruto'S Back ~The Tracks Of His Friends","2015-04-16"
"409",409,"Their Backs","Filler","2015",6.2,163,"s19 Naruto'S Back ~The Tracks Of His Friends","2015-04-23"
"410",410,"The Hidden Plot Set Into Motion","Filler","2015",6.3,164,"s19 Naruto'S Back ~The Tracks Of His Friends","2015-04-30"
"411",411,"The Targeted Tailed Beast","Filler","2015",6.1,164,"s19 Naruto'S Back ~The Tracks Of His Friends","2015-05-07"
"412",412,"Neji’s Judgement","Filler","2015",6.2,165,"s19 Naruto'S Back ~The Tracks Of His Friends","2015-05-14"
"413",413,"Hopes Entrusted to the Future","Filler","2015",6.5,166,"s19 Naruto'S Back ~The Tracks Of His Friends","2015-05-21"
"414",414,"On the Brink of Death","Manga Canon","2015",8.4,404,"s20 Infinite Tsukuyomi: The Invocation","2015-05-28"
"415",415,"The Two Mangekyo","Mixed Canon/Filler","2015",8.2,298,"s20 Infinite Tsukuyomi: The Invocation","2015-06-04"
"416",416,"The Formation of Team Minato","Filler","2015",7,200,"s20 Infinite Tsukuyomi: The Invocation","2015-06-11"
"417",417,"You’ll Be My Backup","Filler","2015",8.1,263,"s20 Infinite Tsukuyomi: The Invocation","2015-06-25"
"418",418,"The Blue Beast vs Six Paths Madara","Manga Canon","2015",8.4,341,"s20 Infinite Tsukuyomi: The Invocation","2015-07-02"
"419",419,"Papa's Youth","Mixed Canon/Filler","2015",8.2,453,"s20 Infinite Tsukuyomi: The Invocation","2015-07-09"
"420",420,"The Eight Inner Gates Formation","Manga Canon","2015",8.6,733,"s20 Infinite Tsukuyomi: The Invocation","2015-07-23"
"421",421,"The Sage of the Six Paths","Manga Canon","2015",9.1,1205,"s20 Infinite Tsukuyomi: The Invocation","2015-07-30"
"422",422,"The One Who Will Inherit","Filler","2015",6.6,174,"s20 Infinite Tsukuyomi: The Invocation","2015-08-06"
"423",423,"Naruto's Rival","Filler","2015",6.9,180,"s20 Infinite Tsukuyomi: The Invocation","2015-08-06"
"424",424,"To Rise Up","Manga Canon","2015",8.8,881,"s20 Infinite Tsukuyomi: The Invocation","2015-08-13"
"425",425,"The Infinite Dream","Manga Canon","2015",8.4,631,"s20 Infinite Tsukuyomi: The Invocation","2015-08-20"
"426",426,"The Infinite Tsukuyomi","Mixed Canon/Filler","2015",8.4,302,"s20 Infinite Tsukuyomi: The Invocation","2015-08-27"
"427",427,"To the Dream World","Filler","2015",5.8,186,"s20 Infinite Tsukuyomi: The Invocation","2015-09-03"
"428",428,"Where Tenten Belongs","Filler","2015",5.8,176,"s20 Infinite Tsukuyomi: The Invocation","2015-09-03"
"429",429,"Killer Bee Rappuden, Part 1","Filler","2015",5.2,176,"s20 Infinite Tsukuyomi: The Invocation","2015-09-10"
"430",430,"Killer Bee Rappuden, Part 2","Filler","2015",5.2,172,"s20 Infinite Tsukuyomi: The Invocation","2015-09-17"
"431",431,"To See That Smile, Just One More Time","Filler","2015",6.1,172,"s20 Infinite Tsukuyomi: The Invocation","2015-09-24"
"432",432,"The Loser Ninja","Filler","2015",5.6,166,"s20 Infinite Tsukuyomi: The Invocation","2015-10-01"
"433",433,"The Search Mission","Filler","2015",5.6,166,"s20 Infinite Tsukuyomi: The Invocation","2015-10-08"
"434",434,"Team Jiraiya","Filler","2015",5.1,198,"s20 Infinite Tsukuyomi: The Invocation","2015-10-15"
"435",435,"Order of Priority","Filler","2015",5.2,164,"s20 Infinite Tsukuyomi: The Invocation","2015-10-22"
"436",436,"The Masked Man","Filler","2015",5.3,165,"s20 Infinite Tsukuyomi: The Invocation","2015-11-05"
"437",437,"The Sealed Power","Filler","2015",5.3,166,"s20 Infinite Tsukuyomi: The Invocation","2015-11-12"
"438",438,"The Rules or a Comrade","Filler","2015",5.6,165,"s20 Infinite Tsukuyomi: The Invocation","2015-11-19"
"439",439,"The Child of Prophecy","Filler","2015",5.7,164,"s20 Infinite Tsukuyomi: The Invocation","2015-11-26"
"440",440,"The Caged Bird","Filler","2015",5.8,166,"s20 Infinite Tsukuyomi: The Invocation","2015-12-03"
"441",441,"Returning Home","Filler","2015",5.3,165,"s20 Infinite Tsukuyomi: The Invocation","2015-12-10"
"442",442,"The Mutual Path","Filler","2015",6,165,"s20 Infinite Tsukuyomi: The Invocation","2015-12-17"
"443",443,"The Difference in Power","Filler","2015",5.7,167,"s20 Infinite Tsukuyomi: The Invocation","2015-12-24"
"444",444,"Leaving the Village","Filler","2016",5.9,166,"s20 Infinite Tsukuyomi: The Invocation","2016-01-14"
"445",445,"Pursuers","Filler","2016",5.5,168,"s20 Infinite Tsukuyomi: The Invocation","2016-01-21"
"446",446,"Collision","Filler","2016",5.6,167,"s20 Infinite Tsukuyomi: The Invocation","2016-01-28"
"447",447,"Another Moon","Filler","2016",5.6,168,"s20 Infinite Tsukuyomi: The Invocation","2016-02-04"
"448",448,"Comrade","Filler","2016",5.3,167,"s20 Infinite Tsukuyomi: The Invocation","2016-02-11"
"449",449,"The Shinobi Unite","Filler","2016",5.1,203,"s20 Infinite Tsukuyomi: The Invocation","2016-02-18"
"450",450,"Rival","Filler","2016",6.1,169,"s20 Infinite Tsukuyomi: The Invocation","2016-02-25"
"451",451,"Itachi's Story - Light and Darkness: Birth and Death","Mixed Canon/Filler","2016",7.8,268,"s20 Infinite Tsukuyomi: The Invocation","2016-03-03"
"452",452,"Itachi's Story - Light and Darkness: the Genius","Mixed Canon/Filler","2016",8,254,"s20 Infinite Tsukuyomi: The Invocation","2016-03-10"
"453",453,"Itachi's Story - Light and Darkness: The Pain of Living","Mixed Canon/Filler","2016",7.2,237,"s20 Infinite Tsukuyomi: The Invocation","2016-03-17"
"454",454,"Itachi's Story - Light and Darkness: Shisui's Request","Mixed Canon/Filler","2016",8,253,"s20 Infinite Tsukuyomi: The Invocation","2016-03-24"
"455",455,"Itachi's Story - Light and Darkness: Moonlit Night","Mixed Canon/Filler","2016",8.3,616,"s20 Infinite Tsukuyomi: The Invocation","2016-04-07"
"456",456,"Itachi's Story - Light and Darkness: the Darkness of the Akatsuki","Mixed Canon/Filler","2016",8,252,"s20 Infinite Tsukuyomi: The Invocation","2016-04-14"
"457",457,"Itachi's Story - Light and Darkness: Partner","Mixed Canon/Filler","2016",8.3,260,"s20 Infinite Tsukuyomi: The Invocation","2016-04-21"
"458",458,"Itachi's Story - Light and Darkness: Truth","Mixed Canon/Filler","2016",8.4,387,"s20 Infinite Tsukuyomi: The Invocation","2016-04-28"
"459",459,"She of the Beginning","Manga Canon","2016",8.4,376,"s20 Infinite Tsukuyomi: The Invocation","2016-05-05"
"460",460,"Kaguya Otsutsuki","Mixed Canon/Filler","2016",7.6,249,"s20 Infinite Tsukuyomi: The Invocation","2016-05-12"
"461",461,"Hagoromo and Hamura","Mixed Canon/Filler","2016",8,254,"s20 Infinite Tsukuyomi: The Invocation","2016-05-19"
"462",462,"A Fabricated Past","Mixed Canon/Filler","2016",8.2,270,"s20 Infinite Tsukuyomi: The Invocation","2016-05-26"
"463",463,"The No. 1 Most Unpredictable Ninja","Manga Canon","2016",8.4,314,"s20 Infinite Tsukuyomi: The Invocation","2016-06-02"
"464",464,"Ninshu: The Ninja Creed","Filler","2016",7.7,217,"s20 Infinite Tsukuyomi: The Invocation","2016-06-09"
"465",465,"Ashura and Indra","Filler","2016",7.5,210,"s20 Infinite Tsukuyomi: The Invocation","2016-06-16"
"466",466,"The Tumultuous Journey","Filler","2016",7.5,208,"s20 Infinite Tsukuyomi: The Invocation","2016-06-30"
"467",467,"Ashura's Decision","Filler","2016",7.8,212,"s20 Infinite Tsukuyomi: The Invocation","2016-07-07"
"468",468,"The Successor","Filler","2016",8.2,255,"s20 Infinite Tsukuyomi: The Invocation","2016-07-21"
"469",469,"A Special Mission","Mixed Canon/Filler","2016",8,274,"s20 Infinite Tsukuyomi: The Invocation","2016-07-28"
"470",470,"Connecting Thoughts","Manga Canon","2016",8.3,444,"s20 Infinite Tsukuyomi: The Invocation","2016-08-04"
"471",471,"The Two of Them...Always","Mixed Canon/Filler","2016",8.4,328,"s20 Infinite Tsukuyomi: The Invocation","2016-08-11"
"472",472,"You Better...","Mixed Canon/Filler","2016",8.2,591,"s20 Infinite Tsukuyomi: The Invocation","2016-08-18"
"473",473,"The Sharingan Revived","Manga Canon","2016",8.5,744,"s20 Infinite Tsukuyomi: The Invocation","2016-08-25"
"474",474,"Congratulations","Manga Canon","2016",9.2,1334,"s20 Infinite Tsukuyomi: The Invocation","2016-09-01"
"475",475,"The Final Valley","Manga Canon","2016",8.2,706,"s20 Infinite Tsukuyomi: The Invocation","2016-09-08"
"476",476,"The Final Battle","Manga Canon","2016",9.3,1596,"s20 Infinite Tsukuyomi: The Invocation","2016-09-29"
"477",477,"Naruto and Sasuke","Manga Canon","2016",9.5,2780,"s20 Infinite Tsukuyomi: The Invocation","2016-09-29"
"478",478,"The Unison Sign","Mixed Canon/Filler","2016",9.2,1304,"s20 Infinite Tsukuyomi: The Invocation","2016-10-06"
"479",479,"Naruto Uzumaki!!","Mixed Canon/Filler","2016",8.6,862,"s20 Infinite Tsukuyomi: The Invocation","2016-10-13"
"480",480,"Naruto and Hinata","Filler","2016",7.4,309,"s21 Series","2016-10-20"
"481",481,"Sasuke and Sakura","Filler","2016",6.6,261,"s21 Series","2016-10-27"
"482",482,"Gaara and Shikamaru","Filler","2016",6.7,261,"s21 Series","2016-11-03"
"483",483,"Jiraiya and Kakashi","Filler","2016",6.8,259,"s21 Series","2016-11-10"
"484",484,"Sasuke’s Story - Sunrise, Part 1: The Exploding Human","Manga Canon","2016",7.4,313,"s21 Series","2016-12-01"
"485",485,"Sasuke's Story - Sunrise, Part 2: Coliseum","Manga Canon","2016",7.4,304,"s21 Series","2016-12-08"
"486",486,"Sasuke’s Story - Sunrise, Part 3: Fuushin","Manga Canon","2016",7.4,293,"s21 Series","2016-12-15"
"487",487,"Sasuke’s Story - Sunrise, Part 4: The Ketsuryugan","Manga Canon","2016",7.1,294,"s21 Series","2016-12-22"
"488",488,"Sasuke’s Story: Sunrise, Part 5: The Last One","Manga Canon","2017",8,356,"s21 Series","2017-01-05"
"489",489,"Shikamaru’s Story, A Cloud Drifting in the Silent Dark, Part 1: The State of Affairs","Manga Canon","2017",7.5,305,"s21 Series","2017-01-12"
"490",490,"Shikamaru’s Story, a Cloud Drifting in the Silent Dark, Part 2: Dark Clouds","Manga Canon","2017",7.1,293,"s21 Series","2017-01-19"
"491",491,"Shikamaru’s Story, a Cloud Drifting in the Silent Dark, Part 3: Recklessness","Manga Canon","2017",7.1,290,"s21 Series","2017-01-26"
"492",492,"Shikamaru’s Story, a Cloud Drifting in the Silent Dark, Part 4: Cloud of Suspicion","Manga Canon","2017",7.2,289,"s21 Series","2017-02-02"
"493",493,"Shikamaru’s Story, a Cloud Drifting in the Silent Dark, Part 5: Dawn","Manga Canon","2017",7.4,298,"s21 Series","2017-02-09"
"494",494,"Hidden Leaf Story, the Perfect Day for a Wedding, Part 1: Naruto’s Wedding","Manga Canon","2017",7.3,303,"s21 Series","2017-02-16"
"495",495,"Hidden Leaf Story, the Perfect Day for a Wedding, Part 2: A Full-Powered Wedding Gift","Manga Canon","2017",6.7,313,"s21 Series","2017-02-16"
"496",496,"Hidden Leaf Story, the Perfect Day for a Wedding, Part 3: Steam and Food Pills","Manga Canon","2017",7.5,313,"s21 Series","2017-02-23"
"497",497,"Hidden Leaf Story, the Perfect Day for a Wedding, Part 4: the Kazekage’s Wedding Gift","Manga Canon","2017",7.2,301,"s21 Series","2017-03-02"
"498",498,"Hidden Leaf Story, the Perfect Day for a Wedding, Part 5: The Last Mission","Manga Canon","2017",6.8,305,"s21 Series","2017-03-09"
"499",499,"Hidden Leaf Story, the Perfect Day for a Wedding, Part 6: The Outcome of the Secret Mission","Manga Canon","2017",7.6,323,"s21 Series","2017-03-16"
"500",500,"Hidden Leaf Story, the Perfect Day for a Wedding, Part 7: The Message","Manga Canon","2017",8.8,1288,"s21 Series","2017-03-23"
